USE lithomat_artiffex;

INSERT INTO combinacion_tintas (id_combinacion_tintas, num_tintas, descripcion, activo) VALUES (1,4,'CMYK',true);
INSERT INTO combinacion_tintas (id_combinacion_tintas, num_tintas, descripcion, activo) VALUES (2,3,'CMY',true);
INSERT INTO combinacion_tintas (id_combinacion_tintas, num_tintas, descripcion, activo) VALUES (3,3,'CMK',true);
INSERT INTO combinacion_tintas (id_combinacion_tintas, num_tintas, descripcion, activo) VALUES (4,3,'CYK',true);
INSERT INTO combinacion_tintas (id_combinacion_tintas, num_tintas, descripcion, activo) VALUES (5,3,'MYK',true);
INSERT INTO combinacion_tintas (id_combinacion_tintas, num_tintas, descripcion, activo) VALUES (6,2,'CM',true);
INSERT INTO combinacion_tintas (id_combinacion_tintas, num_tintas, descripcion, activo) VALUES (7,2,'CY',true);
INSERT INTO combinacion_tintas (id_combinacion_tintas, num_tintas, descripcion, activo) VALUES (8,2,'CK',true);
INSERT INTO combinacion_tintas (id_combinacion_tintas, num_tintas, descripcion, activo) VALUES (9,2,'MY',true);
INSERT INTO combinacion_tintas (id_combinacion_tintas, num_tintas, descripcion, activo) VALUES (10,2,'MK',true);
INSERT INTO combinacion_tintas (id_combinacion_tintas, num_tintas, descripcion, activo) VALUES (11,2,'YK',true);
INSERT INTO combinacion_tintas (id_combinacion_tintas, num_tintas, descripcion, activo) VALUES (12,1,'C',true);
INSERT INTO combinacion_tintas (id_combinacion_tintas, num_tintas, descripcion, activo) VALUES (13,1,'M',true);
INSERT INTO combinacion_tintas (id_combinacion_tintas, num_tintas, descripcion, activo) VALUES (14,1,'Y',true);
INSERT INTO combinacion_tintas (id_combinacion_tintas, num_tintas, descripcion, activo) VALUES (15,1,'K',true);
INSERT INTO combinacion_tintas (id_combinacion_tintas, num_tintas, descripcion, activo) VALUES (16,0,'-',true);




INSERT INTO tamanio_publicacion (id_tamanio_publicacion, nombre, tamanio_fraccion, numero_paginas, numero_decimal, numero_doblez, activo) VALUES (1,'No aplica','-',0,0,0,true);
INSERT INTO tamanio_publicacion (id_tamanio_publicacion, nombre, tamanio_fraccion, numero_paginas, numero_decimal, numero_doblez, activo) VALUES (2,'8 cartas - 8 oficios','1',2,1,0,true);
INSERT INTO tamanio_publicacion (id_tamanio_publicacion, nombre, tamanio_fraccion, numero_paginas, numero_decimal, numero_doblez, activo) VALUES (3,'4 cartas - 4 oficios','1/2',4,0.5,1,true);
INSERT INTO tamanio_publicacion (id_tamanio_publicacion, nombre, tamanio_fraccion, numero_paginas, numero_decimal, numero_doblez, activo) VALUES (4,'Doble carta - Doble oficio','1/4',8,0.25,2,true);
INSERT INTO tamanio_publicacion (id_tamanio_publicacion, nombre, tamanio_fraccion, numero_paginas, numero_decimal, numero_doblez, activo) VALUES (5,'Carta - Oficio','1/8',16,0.125,3,true);
INSERT INTO tamanio_publicacion (id_tamanio_publicacion, nombre, tamanio_fraccion, numero_paginas, numero_decimal, numero_doblez, activo) VALUES (6,'Media carta - Medio oficio','1/16',32,0.0625,4,true);
INSERT INTO tamanio_publicacion (id_tamanio_publicacion, nombre, tamanio_fraccion, numero_paginas, numero_decimal, numero_doblez, activo) VALUES (7,'Cuarto de carta - Cuarto de oficio','1/32',64,0.03125,5,true);




INSERT INTO tipo_precio (id_tipo_precio, nombre, descripcion, factor_divisor, activo) VALUES (1,'No aplica','No aplica',1,true);
INSERT INTO tipo_precio (id_tipo_precio, nombre, descripcion, factor_divisor, activo) VALUES (2,'Unidad','Precio de una sola unidad',1,true);
INSERT INTO tipo_precio (id_tipo_precio, nombre, descripcion, factor_divisor, activo) VALUES (3,'Ciento','Precio por ciento',100,true);
INSERT INTO tipo_precio (id_tipo_precio, nombre, descripcion, factor_divisor, activo) VALUES (4,'Millar','Precio por millares',1000,true);
INSERT INTO tipo_precio (id_tipo_precio, nombre, descripcion, factor_divisor, activo) VALUES (5,'Hora','Precio por hora',60,true);
INSERT INTO tipo_precio (id_tipo_precio, nombre, descripcion, factor_divisor, activo) VALUES (6,'Porcentaje','Precio por porcentaje',100,true);
INSERT INTO tipo_precio (id_tipo_precio, nombre, descripcion, factor_divisor, activo) VALUES (7,'Centímetro cuadrado','Precio por centímetro cuadrado',1,true);




INSERT INTO tinta_especial (id_tinta_especial, precio, id_tipo_precio, activo) VALUES (1,100,6,true);




INSERT INTO costo_extra (id_costo_extra, nombre, descripcion, precio, id_tipo_precio, activo) VALUES (1,'Tiempo extra máquina',' ',150,5,true);
INSERT INTO costo_extra (id_costo_extra, nombre, descripcion, precio, id_tipo_precio, activo) VALUES (2,'Cartulina sulfatada',' ',15,6,true);
INSERT INTO costo_extra (id_costo_extra, nombre, descripcion, precio, id_tipo_precio, activo) VALUES (3,'Sustratos especiales',' ',100,6,true);
INSERT INTO costo_extra (id_costo_extra, nombre, descripcion, precio, id_tipo_precio, activo) VALUES (4,'Suspensión de trabajos',' ',1000,5,true);
INSERT INTO costo_extra (id_costo_extra, nombre, descripcion, precio, id_tipo_precio, activo) VALUES (5,'Tiempo muerto',' ',700,5,true);
INSERT INTO costo_extra (id_costo_extra, nombre, descripcion, precio, id_tipo_precio, activo) VALUES (6,'Bajada de corte',' ',3,3,true);





INSERT INTO estatus_orden (id_estatus_orden, nombre, descripcion, activo) VALUES (1,'Cotizacion',' ',true);
INSERT INTO estatus_orden (id_estatus_orden, nombre, descripcion, activo) VALUES (2,'En espera',' ',true);
INSERT INTO estatus_orden (id_estatus_orden, nombre, descripcion, activo) VALUES (3,'Cancelado',' ',true);
INSERT INTO estatus_orden (id_estatus_orden, nombre, descripcion, activo) VALUES (4,'Disenio',' ',true);
INSERT INTO estatus_orden (id_estatus_orden, nombre, descripcion, activo) VALUES (5,'Preprensa',' ',true);
INSERT INTO estatus_orden (id_estatus_orden, nombre, descripcion, activo) VALUES (6,'Transporte',' ',true);
INSERT INTO estatus_orden (id_estatus_orden, nombre, descripcion, activo) VALUES (7,'Offset',' ',true);
INSERT INTO estatus_orden (id_estatus_orden, nombre, descripcion, activo) VALUES (8,'Acabado',' ',true);
INSERT INTO estatus_orden (id_estatus_orden, nombre, descripcion, activo) VALUES (9,'Proceso externo',' ',true);
INSERT INTO estatus_orden (id_estatus_orden, nombre, descripcion, activo) VALUES (10,'Finalizado',' ',true);




INSERT INTO maquina (id_maquina, nombre, descripcion, num_colores, ancho_placa, alto_placa, ancho_max_papel, alto_max_papel, ancho_min_papel, alto_min_papel, activo) VALUES (1,'Heidelberg Speed Master 6',' ',6,102,72,102,72,47.5,35,true);
INSERT INTO maquina (id_maquina, nombre, descripcion, num_colores, ancho_placa, alto_placa, ancho_max_papel, alto_max_papel, ancho_min_papel, alto_min_papel, activo) VALUES (2,'Heidelberg Speed Master 10',' ',10,102,72,102,72,47.5,35,true);
INSERT INTO maquina (id_maquina, nombre, descripcion, num_colores, ancho_placa, alto_placa, ancho_max_papel, alto_max_papel, ancho_min_papel, alto_min_papel, activo) VALUES (3,'Heidelberg Speed Master 2',' ',6,102,72,102,72,47.5,35,true);




INSERT INTO responsable_insumo (id_responsable_insumo, nombre, descripcion, activo) VALUES (1,'Cliente',' ',true);
INSERT INTO responsable_insumo (id_responsable_insumo, nombre, descripcion, activo) VALUES (2,'Lithomat',' ',true);
INSERT INTO responsable_insumo (id_responsable_insumo, nombre, descripcion, activo) VALUES (3,'Otro',' ',true);




INSERT INTO material_ayuda (id_material_ayuda, nombre, descripcion, activo) VALUES (1,'Dummy',' ',true);
INSERT INTO material_ayuda (id_material_ayuda, nombre, descripcion, activo) VALUES (2,'Match print',' ',true);
INSERT INTO material_ayuda (id_material_ayuda, nombre, descripcion, activo) VALUES (3,'Prueba de color',' ',true);
INSERT INTO material_ayuda (id_material_ayuda, nombre, descripcion, activo) VALUES (4,'Archivo electrónico',' ',true);
INSERT INTO material_ayuda (id_material_ayuda, nombre, descripcion, activo) VALUES (5,'Negativos',' ',true);




INSERT INTO prensista (id_prensista, nombre, ap_paterno, ap_materno, activo) VALUES (1,'Ruben','Hernández','Lopez',true);




INSERT INTO proceso_disenio (id_proceso_disenio, nombre_proceso, descripcion, precio, id_tipo_precio, activo) VALUES (1,'Tipografia',' ',0,1,true);
INSERT INTO proceso_disenio (id_proceso_disenio, nombre_proceso, descripcion, precio, id_tipo_precio, activo) VALUES (2,'Diseño nuevo',' ',250,5,true);
INSERT INTO proceso_disenio (id_proceso_disenio, nombre_proceso, descripcion, precio, id_tipo_precio, activo) VALUES (3,'Rediseño',' ',250,5,true);
INSERT INTO proceso_disenio (id_proceso_disenio, nombre_proceso, descripcion, precio, id_tipo_precio, activo) VALUES (4,'Revisión de archivo',' ',0,1,true);
INSERT INTO proceso_disenio (id_proceso_disenio, nombre_proceso, descripcion, precio, id_tipo_precio, activo) VALUES (5,'Original mecánico',' ',10,2,true);
INSERT INTO proceso_disenio (id_proceso_disenio, nombre_proceso, descripcion, precio, id_tipo_precio, activo) VALUES (6,'Dummy',' ',15,2,true);
INSERT INTO proceso_disenio (id_proceso_disenio, nombre_proceso, descripcion, precio, id_tipo_precio, activo) VALUES (7,'Correcciones',' ',250,5,true);
INSERT INTO proceso_disenio (id_proceso_disenio, nombre_proceso, descripcion, precio, id_tipo_precio, activo) VALUES (8,'Escaneo',' ',250,5,true);
INSERT INTO proceso_disenio (id_proceso_disenio, nombre_proceso, descripcion, precio, id_tipo_precio, activo) VALUES (9,'Retoque de imagen',' ',250,5,true);




INSERT INTO proceso_preprensa (id_proceso_preprensa, nombre_proceso, descripcion, precio, id_tipo_precio, activo) VALUES (1,'Salida positivo tamaño carta',' ',25,2,true);
INSERT INTO proceso_preprensa (id_proceso_preprensa, nombre_proceso, descripcion, precio, id_tipo_precio, activo) VALUES (2,'Salida negativo placa',' ',140,2,true);




INSERT INTO proveedor_externo (id_proveedor_externo, razon_social, calle, num_exterior, num_interior, colonia, delegacion_municipio, estado, codigo_postal, pais, telefono, observaciones, activo) VALUES (1,'Lithomat','5 de febrero','494-B',' ','Algarín',' ','D.F.','06880','México',' ',' ',true);
INSERT INTO proveedor_externo (id_proveedor_externo, razon_social, calle, num_exterior, num_interior, colonia, delegacion_municipio, estado, codigo_postal, pais, telefono, observaciones, activo) VALUES (2,'Externo',' ',' ',' ',' ',' ',' ',' ',' ',' ',' ',true);




INSERT INTO proceso_externo (id_proceso_externo, id_proveedor_externo, nombre_proceso, observaciones, precio, id_tipo_precio, activo) VALUES (1,1,'Corte',' ',3,2,true);
INSERT INTO proceso_externo (id_proceso_externo, id_proveedor_externo, nombre_proceso, observaciones, precio, id_tipo_precio, activo) VALUES (2,2,'Doblez',' ',40,4,true);
INSERT INTO proceso_externo (id_proceso_externo, id_proveedor_externo, nombre_proceso, observaciones, precio, id_tipo_precio, activo) VALUES (3,2,'UV',' ',1.1,7,true);
INSERT INTO proceso_externo (id_proceso_externo, id_proveedor_externo, nombre_proceso, observaciones, precio, id_tipo_precio, activo) VALUES (4,2,'Alce',' ',40,4,true);
INSERT INTO proceso_externo (id_proceso_externo, id_proveedor_externo, nombre_proceso, observaciones, precio, id_tipo_precio, activo) VALUES (5,2,'Plastificado',' ',3.9,7,true);
INSERT INTO proceso_externo (id_proceso_externo, id_proveedor_externo, nombre_proceso, observaciones, precio, id_tipo_precio, activo) VALUES (6,2,'Engrapado',' ',100,4,true);
INSERT INTO proceso_externo (id_proceso_externo, id_proveedor_externo, nombre_proceso, observaciones, precio, id_tipo_precio, activo) VALUES (7,2,'Pegado',' ',50,4,true);
INSERT INTO proceso_externo (id_proceso_externo, id_proveedor_externo, nombre_proceso, observaciones, precio, id_tipo_precio, activo) VALUES (8,2,'Suaje',' ',4,7,true);
INSERT INTO proceso_externo (id_proceso_externo, id_proveedor_externo, nombre_proceso, observaciones, precio, id_tipo_precio, activo) VALUES (9,2,'Suajado',' ',250,4,true);
INSERT INTO proceso_externo (id_proceso_externo, id_proveedor_externo, nombre_proceso, observaciones, precio, id_tipo_precio, activo) VALUES (10,2,'Hot-melt',' ',250,4,true);
INSERT INTO proceso_externo (id_proceso_externo, id_proveedor_externo, nombre_proceso, observaciones, precio, id_tipo_precio, activo) VALUES (11,2,'Caballo a grapa',' ',100,4,true);
INSERT INTO proceso_externo (id_proceso_externo, id_proveedor_externo, nombre_proceso, observaciones, precio, id_tipo_precio, activo) VALUES (12,2,'Empacado en papel',' ',10,2,true);
INSERT INTO proceso_externo (id_proceso_externo, id_proveedor_externo, nombre_proceso, observaciones, precio, id_tipo_precio, activo) VALUES (13,2,'Empacado en cajas',' ',15,2,true);
INSERT INTO proceso_externo (id_proceso_externo, id_proveedor_externo, nombre_proceso, observaciones, precio, id_tipo_precio, activo) VALUES (14,2,'Envío foráneo terrestre camioneta chica',' ',300,1,true);
INSERT INTO proceso_externo (id_proceso_externo, id_proveedor_externo, nombre_proceso, observaciones, precio, id_tipo_precio, activo) VALUES (15,2,'Envío foráneo terrestre camioneta grande',' ',500,2,true);




INSERT INTO proceso_transporte (id_proceso_transporte, nombre_proceso, descripcion, precio, id_tipo_precio, activo) VALUES (1,'Revisión de negativos',' ',0,1,true);
INSERT INTO proceso_transporte (id_proceso_transporte, nombre_proceso, descripcion, precio, id_tipo_precio, activo) VALUES (2,'Revisión de láminas',' ',0,1,true);
INSERT INTO proceso_transporte (id_proceso_transporte, nombre_proceso, descripcion, precio, id_tipo_precio, activo) VALUES (3,'Elaboración de láminas',' ',0,1,true);
INSERT INTO proceso_transporte (id_proceso_transporte, nombre_proceso, descripcion, precio, id_tipo_precio, activo) VALUES (4,'Revisar papel para pinza',' ',0,1,true);




INSERT INTO tipo_complejidad (id_tipo_complejidad, nombre, descripcion, activo) VALUES (1,'Sencilla','La tinta que se aplica es poca',true);
INSERT INTO tipo_complejidad (id_tipo_complejidad, nombre, descripcion, activo) VALUES (2,'Regular','La tinta que se aplica es regular',true);
INSERT INTO tipo_complejidad (id_tipo_complejidad, nombre, descripcion, activo) VALUES (3,'Difícil','La tinta que se aplica es bastante',true);




INSERT INTO tabulador_precios (id_tabulador_precios, id_maquina, nombre_insumo, descripcion, inicio_tabulador, fin_tabulador, id_tipo_complejidad,  precio, id_tipo_precio, activo) VALUES (1,1,'Millar impresión por color',' ',1,1000,1,300,4,true);
INSERT INTO tabulador_precios (id_tabulador_precios, id_maquina, nombre_insumo, descripcion, inicio_tabulador, fin_tabulador, id_tipo_complejidad,  precio, id_tipo_precio, activo) VALUES (2,1,'Millar impresión por color',' ',1001,2000,1,250,4,true);
INSERT INTO tabulador_precios (id_tabulador_precios, id_maquina, nombre_insumo, descripcion, inicio_tabulador, fin_tabulador, id_tipo_complejidad,  precio, id_tipo_precio, activo) VALUES (3,1,'Millar impresión por color',' ',2001,3000,1,220,4,true);
INSERT INTO tabulador_precios (id_tabulador_precios, id_maquina, nombre_insumo, descripcion, inicio_tabulador, fin_tabulador, id_tipo_complejidad,  precio, id_tipo_precio, activo) VALUES (4,1,'Millar impresión por color',' ',3001,4000,1,180,4,true);
INSERT INTO tabulador_precios (id_tabulador_precios, id_maquina, nombre_insumo, descripcion, inicio_tabulador, fin_tabulador, id_tipo_complejidad,  precio, id_tipo_precio, activo) VALUES (5,1,'Millar impresión por color',' ',4001,5000,1,160,4,true);
INSERT INTO tabulador_precios (id_tabulador_precios, id_maquina, nombre_insumo, descripcion, inicio_tabulador, fin_tabulador, id_tipo_complejidad,  precio, id_tipo_precio, activo) VALUES (6,1,'Millar impresión por color',' ',5001,6000,1,155,4,true);
INSERT INTO tabulador_precios (id_tabulador_precios, id_maquina, nombre_insumo, descripcion, inicio_tabulador, fin_tabulador, id_tipo_complejidad,  precio, id_tipo_precio, activo) VALUES (7,1,'Millar impresión por color',' ',6001,7000,1,150,4,true);
INSERT INTO tabulador_precios (id_tabulador_precios, id_maquina, nombre_insumo, descripcion, inicio_tabulador, fin_tabulador, id_tipo_complejidad,  precio, id_tipo_precio, activo) VALUES (8,1,'Millar impresión por color',' ',7001,8000,1,140,4,true);
INSERT INTO tabulador_precios (id_tabulador_precios, id_maquina, nombre_insumo, descripcion, inicio_tabulador, fin_tabulador, id_tipo_complejidad,  precio, id_tipo_precio, activo) VALUES (9,1,'Millar impresión por color',' ',8001,9000,1,130,4,true);
INSERT INTO tabulador_precios (id_tabulador_precios, id_maquina, nombre_insumo, descripcion, inicio_tabulador, fin_tabulador, id_tipo_complejidad,  precio, id_tipo_precio, activo) VALUES (10,1,'Millar impresión por color',' ',9001,10000,1,115,4,true);
INSERT INTO tabulador_precios (id_tabulador_precios, id_maquina, nombre_insumo, descripcion, inicio_tabulador, fin_tabulador, id_tipo_complejidad,  precio, id_tipo_precio, activo) VALUES (11,1,'Millar impresión por color',' ',10001,19000,1,110,4,true);
INSERT INTO tabulador_precios (id_tabulador_precios, id_maquina, nombre_insumo, descripcion, inicio_tabulador, fin_tabulador, id_tipo_complejidad,  precio, id_tipo_precio, activo) VALUES (12,1,'Millar impresión por color',' ',19001,39000,1,100,4,true);
INSERT INTO tabulador_precios (id_tabulador_precios, id_maquina, nombre_insumo, descripcion, inicio_tabulador, fin_tabulador, id_tipo_complejidad,  precio, id_tipo_precio, activo) VALUES (13,1,'Millar impresión por color',' ',39001,49000,1,90,4,true);
INSERT INTO tabulador_precios (id_tabulador_precios, id_maquina, nombre_insumo, descripcion, inicio_tabulador, fin_tabulador, id_tipo_complejidad,  precio, id_tipo_precio, activo) VALUES (14,1,'Millar impresión por color',' ',49001,1000000,1,85,4,true);
INSERT INTO tabulador_precios (id_tabulador_precios, id_maquina, nombre_insumo, descripcion, inicio_tabulador, fin_tabulador, id_tipo_complejidad,  precio, id_tipo_precio, activo) VALUES (15,1,'Millar impresión por color',' ',1,1000,2,300,4,true);
INSERT INTO tabulador_precios (id_tabulador_precios, id_maquina, nombre_insumo, descripcion, inicio_tabulador, fin_tabulador, id_tipo_complejidad,  precio, id_tipo_precio, activo) VALUES (16,1,'Millar impresión por color',' ',1001,2000,2,250,4,true);
INSERT INTO tabulador_precios (id_tabulador_precios, id_maquina, nombre_insumo, descripcion, inicio_tabulador, fin_tabulador, id_tipo_complejidad,  precio, id_tipo_precio, activo) VALUES (17,1,'Millar impresión por color',' ',2001,3000,2,220,4,true);
INSERT INTO tabulador_precios (id_tabulador_precios, id_maquina, nombre_insumo, descripcion, inicio_tabulador, fin_tabulador, id_tipo_complejidad,  precio, id_tipo_precio, activo) VALUES (18,1,'Millar impresión por color',' ',3001,4000,2,180,4,true);
INSERT INTO tabulador_precios (id_tabulador_precios, id_maquina, nombre_insumo, descripcion, inicio_tabulador, fin_tabulador, id_tipo_complejidad,  precio, id_tipo_precio, activo) VALUES (19,1,'Millar impresión por color',' ',4001,5000,2,160,4,true);
INSERT INTO tabulador_precios (id_tabulador_precios, id_maquina, nombre_insumo, descripcion, inicio_tabulador, fin_tabulador, id_tipo_complejidad,  precio, id_tipo_precio, activo) VALUES (20,1,'Millar impresión por color',' ',5001,6000,2,155,4,true);
INSERT INTO tabulador_precios (id_tabulador_precios, id_maquina, nombre_insumo, descripcion, inicio_tabulador, fin_tabulador, id_tipo_complejidad,  precio, id_tipo_precio, activo) VALUES (21,1,'Millar impresión por color',' ',6001,7000,2,150,4,true);
INSERT INTO tabulador_precios (id_tabulador_precios, id_maquina, nombre_insumo, descripcion, inicio_tabulador, fin_tabulador, id_tipo_complejidad,  precio, id_tipo_precio, activo) VALUES (22,1,'Millar impresión por color',' ',7001,8000,2,140,4,true);
INSERT INTO tabulador_precios (id_tabulador_precios, id_maquina, nombre_insumo, descripcion, inicio_tabulador, fin_tabulador, id_tipo_complejidad,  precio, id_tipo_precio, activo) VALUES (23,1,'Millar impresión por color',' ',8001,9000,2,130,4,true);
INSERT INTO tabulador_precios (id_tabulador_precios, id_maquina, nombre_insumo, descripcion, inicio_tabulador, fin_tabulador, id_tipo_complejidad,  precio, id_tipo_precio, activo) VALUES (24,1,'Millar impresión por color',' ',9001,10000,2,115,4,true);
INSERT INTO tabulador_precios (id_tabulador_precios, id_maquina, nombre_insumo, descripcion, inicio_tabulador, fin_tabulador, id_tipo_complejidad,  precio, id_tipo_precio, activo) VALUES (25,1,'Millar impresión por color',' ',10001,19000,2,110,4,true);
INSERT INTO tabulador_precios (id_tabulador_precios, id_maquina, nombre_insumo, descripcion, inicio_tabulador, fin_tabulador, id_tipo_complejidad,  precio, id_tipo_precio, activo) VALUES (26,1,'Millar impresión por color',' ',19001,39000,2,100,4,true);
INSERT INTO tabulador_precios (id_tabulador_precios, id_maquina, nombre_insumo, descripcion, inicio_tabulador, fin_tabulador, id_tipo_complejidad,  precio, id_tipo_precio, activo) VALUES (27,1,'Millar impresión por color',' ',39001,49000,2,90,4,true);
INSERT INTO tabulador_precios (id_tabulador_precios, id_maquina, nombre_insumo, descripcion, inicio_tabulador, fin_tabulador, id_tipo_complejidad,  precio, id_tipo_precio, activo) VALUES (28,1,'Millar impresión por color',' ',49001,1000000,2,85,4,true);
INSERT INTO tabulador_precios (id_tabulador_precios, id_maquina, nombre_insumo, descripcion, inicio_tabulador, fin_tabulador, id_tipo_complejidad,  precio, id_tipo_precio, activo) VALUES (29,1,'Millar impresión por color',' ',1,1000,3,300,4,true);
INSERT INTO tabulador_precios (id_tabulador_precios, id_maquina, nombre_insumo, descripcion, inicio_tabulador, fin_tabulador, id_tipo_complejidad,  precio, id_tipo_precio, activo) VALUES (30,1,'Millar impresión por color',' ',1001,2000,3,250,4,true);
INSERT INTO tabulador_precios (id_tabulador_precios, id_maquina, nombre_insumo, descripcion, inicio_tabulador, fin_tabulador, id_tipo_complejidad,  precio, id_tipo_precio, activo) VALUES (31,1,'Millar impresión por color',' ',2001,3000,3,220,4,true);
INSERT INTO tabulador_precios (id_tabulador_precios, id_maquina, nombre_insumo, descripcion, inicio_tabulador, fin_tabulador, id_tipo_complejidad,  precio, id_tipo_precio, activo) VALUES (32,1,'Millar impresión por color',' ',3001,4000,3,180,4,true);
INSERT INTO tabulador_precios (id_tabulador_precios, id_maquina, nombre_insumo, descripcion, inicio_tabulador, fin_tabulador, id_tipo_complejidad,  precio, id_tipo_precio, activo) VALUES (33,1,'Millar impresión por color',' ',4001,5000,3,160,4,true);
INSERT INTO tabulador_precios (id_tabulador_precios, id_maquina, nombre_insumo, descripcion, inicio_tabulador, fin_tabulador, id_tipo_complejidad,  precio, id_tipo_precio, activo) VALUES (34,1,'Millar impresión por color',' ',5001,6000,3,155,4,true);
INSERT INTO tabulador_precios (id_tabulador_precios, id_maquina, nombre_insumo, descripcion, inicio_tabulador, fin_tabulador, id_tipo_complejidad,  precio, id_tipo_precio, activo) VALUES (35,1,'Millar impresión por color',' ',6001,7000,3,150,4,true);
INSERT INTO tabulador_precios (id_tabulador_precios, id_maquina, nombre_insumo, descripcion, inicio_tabulador, fin_tabulador, id_tipo_complejidad,  precio, id_tipo_precio, activo) VALUES (36,1,'Millar impresión por color',' ',7001,8000,3,140,4,true);
INSERT INTO tabulador_precios (id_tabulador_precios, id_maquina, nombre_insumo, descripcion, inicio_tabulador, fin_tabulador, id_tipo_complejidad,  precio, id_tipo_precio, activo) VALUES (37,1,'Millar impresión por color',' ',8001,9000,3,130,4,true);
INSERT INTO tabulador_precios (id_tabulador_precios, id_maquina, nombre_insumo, descripcion, inicio_tabulador, fin_tabulador, id_tipo_complejidad,  precio, id_tipo_precio, activo) VALUES (38,1,'Millar impresión por color',' ',9001,10000,3,115,4,true);
INSERT INTO tabulador_precios (id_tabulador_precios, id_maquina, nombre_insumo, descripcion, inicio_tabulador, fin_tabulador, id_tipo_complejidad,  precio, id_tipo_precio, activo) VALUES (39,1,'Millar impresión por color',' ',10001,19000,3,110,4,true);
INSERT INTO tabulador_precios (id_tabulador_precios, id_maquina, nombre_insumo, descripcion, inicio_tabulador, fin_tabulador, id_tipo_complejidad,  precio, id_tipo_precio, activo) VALUES (40,1,'Millar impresión por color',' ',19001,39000,3,100,4,true);
INSERT INTO tabulador_precios (id_tabulador_precios, id_maquina, nombre_insumo, descripcion, inicio_tabulador, fin_tabulador, id_tipo_complejidad,  precio, id_tipo_precio, activo) VALUES (41,1,'Millar impresión por color',' ',39001,49000,3,90,4,true);
INSERT INTO tabulador_precios (id_tabulador_precios, id_maquina, nombre_insumo, descripcion, inicio_tabulador, fin_tabulador, id_tipo_complejidad,  precio, id_tipo_precio, activo) VALUES (42,1,'Millar impresión por color',' ',49001,1000000,3,85,4,true);
INSERT INTO tabulador_precios (id_tabulador_precios, id_maquina, nombre_insumo, descripcion, inicio_tabulador, fin_tabulador, id_tipo_complejidad,  precio, id_tipo_precio, activo) VALUES (43,2,'Millar impresión por color',' ',1,1000,1,300,4,true);
INSERT INTO tabulador_precios (id_tabulador_precios, id_maquina, nombre_insumo, descripcion, inicio_tabulador, fin_tabulador, id_tipo_complejidad,  precio, id_tipo_precio, activo) VALUES (44,2,'Millar impresión por color',' ',1001,2000,1,250,4,true);
INSERT INTO tabulador_precios (id_tabulador_precios, id_maquina, nombre_insumo, descripcion, inicio_tabulador, fin_tabulador, id_tipo_complejidad,  precio, id_tipo_precio, activo) VALUES (45,2,'Millar impresión por color',' ',2001,3000,1,220,4,true);
INSERT INTO tabulador_precios (id_tabulador_precios, id_maquina, nombre_insumo, descripcion, inicio_tabulador, fin_tabulador, id_tipo_complejidad,  precio, id_tipo_precio, activo) VALUES (46,2,'Millar impresión por color',' ',3001,4000,1,180,4,true);
INSERT INTO tabulador_precios (id_tabulador_precios, id_maquina, nombre_insumo, descripcion, inicio_tabulador, fin_tabulador, id_tipo_complejidad,  precio, id_tipo_precio, activo) VALUES (47,2,'Millar impresión por color',' ',4001,5000,1,160,4,true);
INSERT INTO tabulador_precios (id_tabulador_precios, id_maquina, nombre_insumo, descripcion, inicio_tabulador, fin_tabulador, id_tipo_complejidad,  precio, id_tipo_precio, activo) VALUES (48,2,'Millar impresión por color',' ',5001,6000,1,155,4,true);
INSERT INTO tabulador_precios (id_tabulador_precios, id_maquina, nombre_insumo, descripcion, inicio_tabulador, fin_tabulador, id_tipo_complejidad,  precio, id_tipo_precio, activo) VALUES (49,2,'Millar impresión por color',' ',6001,7000,1,150,4,true);
INSERT INTO tabulador_precios (id_tabulador_precios, id_maquina, nombre_insumo, descripcion, inicio_tabulador, fin_tabulador, id_tipo_complejidad,  precio, id_tipo_precio, activo) VALUES (50,2,'Millar impresión por color',' ',7001,8000,1,140,4,true);
INSERT INTO tabulador_precios (id_tabulador_precios, id_maquina, nombre_insumo, descripcion, inicio_tabulador, fin_tabulador, id_tipo_complejidad,  precio, id_tipo_precio, activo) VALUES (51,2,'Millar impresión por color',' ',8001,9000,1,130,4,true);
INSERT INTO tabulador_precios (id_tabulador_precios, id_maquina, nombre_insumo, descripcion, inicio_tabulador, fin_tabulador, id_tipo_complejidad,  precio, id_tipo_precio, activo) VALUES (52,2,'Millar impresión por color',' ',9001,10000,1,115,4,true);
INSERT INTO tabulador_precios (id_tabulador_precios, id_maquina, nombre_insumo, descripcion, inicio_tabulador, fin_tabulador, id_tipo_complejidad,  precio, id_tipo_precio, activo) VALUES (53,2,'Millar impresión por color',' ',10001,19000,1,110,4,true);
INSERT INTO tabulador_precios (id_tabulador_precios, id_maquina, nombre_insumo, descripcion, inicio_tabulador, fin_tabulador, id_tipo_complejidad,  precio, id_tipo_precio, activo) VALUES (54,2,'Millar impresión por color',' ',19001,39000,1,100,4,true);
INSERT INTO tabulador_precios (id_tabulador_precios, id_maquina, nombre_insumo, descripcion, inicio_tabulador, fin_tabulador, id_tipo_complejidad,  precio, id_tipo_precio, activo) VALUES (55,2,'Millar impresión por color',' ',39001,49000,1,90,4,true);
INSERT INTO tabulador_precios (id_tabulador_precios, id_maquina, nombre_insumo, descripcion, inicio_tabulador, fin_tabulador, id_tipo_complejidad,  precio, id_tipo_precio, activo) VALUES (56,2,'Millar impresión por color',' ',49001,1000000,1,85,4,true);
INSERT INTO tabulador_precios (id_tabulador_precios, id_maquina, nombre_insumo, descripcion, inicio_tabulador, fin_tabulador, id_tipo_complejidad,  precio, id_tipo_precio, activo) VALUES (57,2,'Millar impresión por color',' ',1,1000,2,300,4,true);
INSERT INTO tabulador_precios (id_tabulador_precios, id_maquina, nombre_insumo, descripcion, inicio_tabulador, fin_tabulador, id_tipo_complejidad,  precio, id_tipo_precio, activo) VALUES (58,2,'Millar impresión por color',' ',1001,2000,2,250,4,true);
INSERT INTO tabulador_precios (id_tabulador_precios, id_maquina, nombre_insumo, descripcion, inicio_tabulador, fin_tabulador, id_tipo_complejidad,  precio, id_tipo_precio, activo) VALUES (59,2,'Millar impresión por color',' ',2001,3000,2,220,4,true);
INSERT INTO tabulador_precios (id_tabulador_precios, id_maquina, nombre_insumo, descripcion, inicio_tabulador, fin_tabulador, id_tipo_complejidad,  precio, id_tipo_precio, activo) VALUES (60,2,'Millar impresión por color',' ',3001,4000,2,180,4,true);
INSERT INTO tabulador_precios (id_tabulador_precios, id_maquina, nombre_insumo, descripcion, inicio_tabulador, fin_tabulador, id_tipo_complejidad,  precio, id_tipo_precio, activo) VALUES (61,2,'Millar impresión por color',' ',4001,5000,2,160,4,true);
INSERT INTO tabulador_precios (id_tabulador_precios, id_maquina, nombre_insumo, descripcion, inicio_tabulador, fin_tabulador, id_tipo_complejidad,  precio, id_tipo_precio, activo) VALUES (62,2,'Millar impresión por color',' ',5001,6000,2,155,4,true);
INSERT INTO tabulador_precios (id_tabulador_precios, id_maquina, nombre_insumo, descripcion, inicio_tabulador, fin_tabulador, id_tipo_complejidad,  precio, id_tipo_precio, activo) VALUES (63,2,'Millar impresión por color',' ',6001,7000,2,150,4,true);
INSERT INTO tabulador_precios (id_tabulador_precios, id_maquina, nombre_insumo, descripcion, inicio_tabulador, fin_tabulador, id_tipo_complejidad,  precio, id_tipo_precio, activo) VALUES (64,2,'Millar impresión por color',' ',7001,8000,2,140,4,true);
INSERT INTO tabulador_precios (id_tabulador_precios, id_maquina, nombre_insumo, descripcion, inicio_tabulador, fin_tabulador, id_tipo_complejidad,  precio, id_tipo_precio, activo) VALUES (65,2,'Millar impresión por color',' ',8001,9000,2,130,4,true);
INSERT INTO tabulador_precios (id_tabulador_precios, id_maquina, nombre_insumo, descripcion, inicio_tabulador, fin_tabulador, id_tipo_complejidad,  precio, id_tipo_precio, activo) VALUES (66,2,'Millar impresión por color',' ',9001,10000,2,115,4,true);
INSERT INTO tabulador_precios (id_tabulador_precios, id_maquina, nombre_insumo, descripcion, inicio_tabulador, fin_tabulador, id_tipo_complejidad,  precio, id_tipo_precio, activo) VALUES (67,2,'Millar impresión por color',' ',10001,19000,2,110,4,true);
INSERT INTO tabulador_precios (id_tabulador_precios, id_maquina, nombre_insumo, descripcion, inicio_tabulador, fin_tabulador, id_tipo_complejidad,  precio, id_tipo_precio, activo) VALUES (68,2,'Millar impresión por color',' ',19001,39000,2,100,4,true);
INSERT INTO tabulador_precios (id_tabulador_precios, id_maquina, nombre_insumo, descripcion, inicio_tabulador, fin_tabulador, id_tipo_complejidad,  precio, id_tipo_precio, activo) VALUES (69,2,'Millar impresión por color',' ',39001,49000,2,90,4,true);
INSERT INTO tabulador_precios (id_tabulador_precios, id_maquina, nombre_insumo, descripcion, inicio_tabulador, fin_tabulador, id_tipo_complejidad,  precio, id_tipo_precio, activo) VALUES (70,2,'Millar impresión por color',' ',49001,1000000,2,85,4,true);
INSERT INTO tabulador_precios (id_tabulador_precios, id_maquina, nombre_insumo, descripcion, inicio_tabulador, fin_tabulador, id_tipo_complejidad,  precio, id_tipo_precio, activo) VALUES (71,2,'Millar impresión por color',' ',1,1000,3,300,4,true);
INSERT INTO tabulador_precios (id_tabulador_precios, id_maquina, nombre_insumo, descripcion, inicio_tabulador, fin_tabulador, id_tipo_complejidad,  precio, id_tipo_precio, activo) VALUES (72,2,'Millar impresión por color',' ',1001,2000,3,250,4,true);
INSERT INTO tabulador_precios (id_tabulador_precios, id_maquina, nombre_insumo, descripcion, inicio_tabulador, fin_tabulador, id_tipo_complejidad,  precio, id_tipo_precio, activo) VALUES (73,2,'Millar impresión por color',' ',2001,3000,3,220,4,true);
INSERT INTO tabulador_precios (id_tabulador_precios, id_maquina, nombre_insumo, descripcion, inicio_tabulador, fin_tabulador, id_tipo_complejidad,  precio, id_tipo_precio, activo) VALUES (74,2,'Millar impresión por color',' ',3001,4000,3,180,4,true);
INSERT INTO tabulador_precios (id_tabulador_precios, id_maquina, nombre_insumo, descripcion, inicio_tabulador, fin_tabulador, id_tipo_complejidad,  precio, id_tipo_precio, activo) VALUES (75,2,'Millar impresión por color',' ',4001,5000,3,160,4,true);
INSERT INTO tabulador_precios (id_tabulador_precios, id_maquina, nombre_insumo, descripcion, inicio_tabulador, fin_tabulador, id_tipo_complejidad,  precio, id_tipo_precio, activo) VALUES (76,2,'Millar impresión por color',' ',5001,6000,3,155,4,true);
INSERT INTO tabulador_precios (id_tabulador_precios, id_maquina, nombre_insumo, descripcion, inicio_tabulador, fin_tabulador, id_tipo_complejidad,  precio, id_tipo_precio, activo) VALUES (77,2,'Millar impresión por color',' ',6001,7000,3,150,4,true);
INSERT INTO tabulador_precios (id_tabulador_precios, id_maquina, nombre_insumo, descripcion, inicio_tabulador, fin_tabulador, id_tipo_complejidad,  precio, id_tipo_precio, activo) VALUES (78,2,'Millar impresión por color',' ',7001,8000,3,140,4,true);
INSERT INTO tabulador_precios (id_tabulador_precios, id_maquina, nombre_insumo, descripcion, inicio_tabulador, fin_tabulador, id_tipo_complejidad,  precio, id_tipo_precio, activo) VALUES (79,2,'Millar impresión por color',' ',8001,9000,3,130,4,true);
INSERT INTO tabulador_precios (id_tabulador_precios, id_maquina, nombre_insumo, descripcion, inicio_tabulador, fin_tabulador, id_tipo_complejidad,  precio, id_tipo_precio, activo) VALUES (80,2,'Millar impresión por color',' ',9001,10000,3,115,4,true);
INSERT INTO tabulador_precios (id_tabulador_precios, id_maquina, nombre_insumo, descripcion, inicio_tabulador, fin_tabulador, id_tipo_complejidad,  precio, id_tipo_precio, activo) VALUES (81,2,'Millar impresión por color',' ',10001,19000,3,110,4,true);
INSERT INTO tabulador_precios (id_tabulador_precios, id_maquina, nombre_insumo, descripcion, inicio_tabulador, fin_tabulador, id_tipo_complejidad,  precio, id_tipo_precio, activo) VALUES (82,2,'Millar impresión por color',' ',19001,39000,3,100,4,true);
INSERT INTO tabulador_precios (id_tabulador_precios, id_maquina, nombre_insumo, descripcion, inicio_tabulador, fin_tabulador, id_tipo_complejidad,  precio, id_tipo_precio, activo) VALUES (83,2,'Millar impresión por color',' ',39001,49000,3,90,4,true);
INSERT INTO tabulador_precios (id_tabulador_precios, id_maquina, nombre_insumo, descripcion, inicio_tabulador, fin_tabulador, id_tipo_complejidad,  precio, id_tipo_precio, activo) VALUES (84,2,'Millar impresión por color',' ',49001,1000000,3,85,4,true);
INSERT INTO tabulador_precios (id_tabulador_precios, id_maquina, nombre_insumo, descripcion, inicio_tabulador, fin_tabulador, id_tipo_complejidad,  precio, id_tipo_precio, activo) VALUES (85,3,'Millar impresión por color',' ',1,1000,1,220,4,true);
INSERT INTO tabulador_precios (id_tabulador_precios, id_maquina, nombre_insumo, descripcion, inicio_tabulador, fin_tabulador, id_tipo_complejidad,  precio, id_tipo_precio, activo) VALUES (86,3,'Millar impresión por color',' ',1001,2000,1,200,4,true);
INSERT INTO tabulador_precios (id_tabulador_precios, id_maquina, nombre_insumo, descripcion, inicio_tabulador, fin_tabulador, id_tipo_complejidad,  precio, id_tipo_precio, activo) VALUES (87,3,'Millar impresión por color',' ',2001,3000,1,180,4,true);
INSERT INTO tabulador_precios (id_tabulador_precios, id_maquina, nombre_insumo, descripcion, inicio_tabulador, fin_tabulador, id_tipo_complejidad,  precio, id_tipo_precio, activo) VALUES (88,3,'Millar impresión por color',' ',3001,4000,1,140,4,true);
INSERT INTO tabulador_precios (id_tabulador_precios, id_maquina, nombre_insumo, descripcion, inicio_tabulador, fin_tabulador, id_tipo_complejidad,  precio, id_tipo_precio, activo) VALUES (89,3,'Millar impresión por color',' ',4001,7000,1,130,4,true);
INSERT INTO tabulador_precios (id_tabulador_precios, id_maquina, nombre_insumo, descripcion, inicio_tabulador, fin_tabulador, id_tipo_complejidad,  precio, id_tipo_precio, activo) VALUES (90,3,'Millar impresión por color',' ',7001,9000,1,120,4,true);
INSERT INTO tabulador_precios (id_tabulador_precios, id_maquina, nombre_insumo, descripcion, inicio_tabulador, fin_tabulador, id_tipo_complejidad,  precio, id_tipo_precio, activo) VALUES (91,3,'Millar impresión por color',' ',9001,10000,1,110,4,true);
INSERT INTO tabulador_precios (id_tabulador_precios, id_maquina, nombre_insumo, descripcion, inicio_tabulador, fin_tabulador, id_tipo_complejidad,  precio, id_tipo_precio, activo) VALUES (92,3,'Millar impresión por color',' ',10001,19000,1,100,4,true);
INSERT INTO tabulador_precios (id_tabulador_precios, id_maquina, nombre_insumo, descripcion, inicio_tabulador, fin_tabulador, id_tipo_complejidad,  precio, id_tipo_precio, activo) VALUES (93,3,'Millar impresión por color',' ',19001,39000,1,95,4,true);
INSERT INTO tabulador_precios (id_tabulador_precios, id_maquina, nombre_insumo, descripcion, inicio_tabulador, fin_tabulador, id_tipo_complejidad,  precio, id_tipo_precio, activo) VALUES (94,3,'Millar impresión por color',' ',39001,49500,1,85,4,true);
INSERT INTO tabulador_precios (id_tabulador_precios, id_maquina, nombre_insumo, descripcion, inicio_tabulador, fin_tabulador, id_tipo_complejidad,  precio, id_tipo_precio, activo) VALUES (95,3,'Millar impresión por color',' ',49501,1000000,1,75,4,true);
INSERT INTO tabulador_precios (id_tabulador_precios, id_maquina, nombre_insumo, descripcion, inicio_tabulador, fin_tabulador, id_tipo_complejidad,  precio, id_tipo_precio, activo) VALUES (96,3,'Millar impresión por color',' ',1,1000,2,220,4,true);
INSERT INTO tabulador_precios (id_tabulador_precios, id_maquina, nombre_insumo, descripcion, inicio_tabulador, fin_tabulador, id_tipo_complejidad,  precio, id_tipo_precio, activo) VALUES (97,3,'Millar impresión por color',' ',1001,2000,2,200,4,true);
INSERT INTO tabulador_precios (id_tabulador_precios, id_maquina, nombre_insumo, descripcion, inicio_tabulador, fin_tabulador, id_tipo_complejidad,  precio, id_tipo_precio, activo) VALUES (98,3,'Millar impresión por color',' ',2001,3000,2,180,4,true);
INSERT INTO tabulador_precios (id_tabulador_precios, id_maquina, nombre_insumo, descripcion, inicio_tabulador, fin_tabulador, id_tipo_complejidad,  precio, id_tipo_precio, activo) VALUES (99,3,'Millar impresión por color',' ',3001,4000,2,140,4,true);
INSERT INTO tabulador_precios (id_tabulador_precios, id_maquina, nombre_insumo, descripcion, inicio_tabulador, fin_tabulador, id_tipo_complejidad,  precio, id_tipo_precio, activo) VALUES (100,3,'Millar impresión por color',' ',4001,7000,2,130,4,true);
INSERT INTO tabulador_precios (id_tabulador_precios, id_maquina, nombre_insumo, descripcion, inicio_tabulador, fin_tabulador, id_tipo_complejidad,  precio, id_tipo_precio, activo) VALUES (101,3,'Millar impresión por color',' ',7001,9000,2,120,4,true);
INSERT INTO tabulador_precios (id_tabulador_precios, id_maquina, nombre_insumo, descripcion, inicio_tabulador, fin_tabulador, id_tipo_complejidad,  precio, id_tipo_precio, activo) VALUES (102,3,'Millar impresión por color',' ',9001,10000,2,110,4,true);
INSERT INTO tabulador_precios (id_tabulador_precios, id_maquina, nombre_insumo, descripcion, inicio_tabulador, fin_tabulador, id_tipo_complejidad,  precio, id_tipo_precio, activo) VALUES (103,3,'Millar impresión por color',' ',10001,19000,2,100,4,true);
INSERT INTO tabulador_precios (id_tabulador_precios, id_maquina, nombre_insumo, descripcion, inicio_tabulador, fin_tabulador, id_tipo_complejidad,  precio, id_tipo_precio, activo) VALUES (104,3,'Millar impresión por color',' ',19001,39000,2,95,4,true);
INSERT INTO tabulador_precios (id_tabulador_precios, id_maquina, nombre_insumo, descripcion, inicio_tabulador, fin_tabulador, id_tipo_complejidad,  precio, id_tipo_precio, activo) VALUES (105,3,'Millar impresión por color',' ',39001,49500,2,85,4,true);
INSERT INTO tabulador_precios (id_tabulador_precios, id_maquina, nombre_insumo, descripcion, inicio_tabulador, fin_tabulador, id_tipo_complejidad,  precio, id_tipo_precio, activo) VALUES (106,3,'Millar impresión por color',' ',49501,1000000,2,75,4,true);
INSERT INTO tabulador_precios (id_tabulador_precios, id_maquina, nombre_insumo, descripcion, inicio_tabulador, fin_tabulador, id_tipo_complejidad,  precio, id_tipo_precio, activo) VALUES (107,3,'Millar impresión por color',' ',1,1000,3,220,4,true);
INSERT INTO tabulador_precios (id_tabulador_precios, id_maquina, nombre_insumo, descripcion, inicio_tabulador, fin_tabulador, id_tipo_complejidad,  precio, id_tipo_precio, activo) VALUES (108,3,'Millar impresión por color',' ',1001,2000,3,200,4,true);
INSERT INTO tabulador_precios (id_tabulador_precios, id_maquina, nombre_insumo, descripcion, inicio_tabulador, fin_tabulador, id_tipo_complejidad,  precio, id_tipo_precio, activo) VALUES (109,3,'Millar impresión por color',' ',2001,3000,3,180,4,true);
INSERT INTO tabulador_precios (id_tabulador_precios, id_maquina, nombre_insumo, descripcion, inicio_tabulador, fin_tabulador, id_tipo_complejidad,  precio, id_tipo_precio, activo) VALUES (110,3,'Millar impresión por color',' ',3001,4000,3,140,4,true);
INSERT INTO tabulador_precios (id_tabulador_precios, id_maquina, nombre_insumo, descripcion, inicio_tabulador, fin_tabulador, id_tipo_complejidad,  precio, id_tipo_precio, activo) VALUES (111,3,'Millar impresión por color',' ',4001,7000,3,130,4,true);
INSERT INTO tabulador_precios (id_tabulador_precios, id_maquina, nombre_insumo, descripcion, inicio_tabulador, fin_tabulador, id_tipo_complejidad,  precio, id_tipo_precio, activo) VALUES (112,3,'Millar impresión por color',' ',7001,9000,3,120,4,true);
INSERT INTO tabulador_precios (id_tabulador_precios, id_maquina, nombre_insumo, descripcion, inicio_tabulador, fin_tabulador, id_tipo_complejidad,  precio, id_tipo_precio, activo) VALUES (113,3,'Millar impresión por color',' ',9001,10000,3,110,4,true);
INSERT INTO tabulador_precios (id_tabulador_precios, id_maquina, nombre_insumo, descripcion, inicio_tabulador, fin_tabulador, id_tipo_complejidad,  precio, id_tipo_precio, activo) VALUES (114,3,'Millar impresión por color',' ',10001,19000,3,100,4,true);
INSERT INTO tabulador_precios (id_tabulador_precios, id_maquina, nombre_insumo, descripcion, inicio_tabulador, fin_tabulador, id_tipo_complejidad,  precio, id_tipo_precio, activo) VALUES (115,3,'Millar impresión por color',' ',19001,39000,3,95,4,true);
INSERT INTO tabulador_precios (id_tabulador_precios, id_maquina, nombre_insumo, descripcion, inicio_tabulador, fin_tabulador, id_tipo_complejidad,  precio, id_tipo_precio, activo) VALUES (116,3,'Millar impresión por color',' ',39001,49500,3,85,4,true);
INSERT INTO tabulador_precios (id_tabulador_precios, id_maquina, nombre_insumo, descripcion, inicio_tabulador, fin_tabulador, id_tipo_complejidad,  precio, id_tipo_precio, activo) VALUES (117,3,'Millar impresión por color',' ',49501,1000000,3,75,4,true);




INSERT INTO tipo_barniz (id_tipo_barniz, descripcion, num_entradas_maquina, num_placas, precio, id_tipo_precio, activo) VALUES (1,'Sin barniz',0,0,0,1,true);
INSERT INTO tipo_barniz (id_tipo_barniz, descripcion, num_entradas_maquina, num_placas, precio, id_tipo_precio, activo) VALUES (2,'Barniz maquina mate',1,0,50,6,true);
INSERT INTO tipo_barniz (id_tipo_barniz, descripcion, num_entradas_maquina, num_placas, precio, id_tipo_precio, activo) VALUES (3,'Barniz maquina brillante',1,0,50,6,true);
INSERT INTO tipo_barniz (id_tipo_barniz, descripcion, num_entradas_maquina, num_placas, precio, id_tipo_precio, activo) VALUES (4,'Barniz registro mate',1,1,50,6,true);
INSERT INTO tipo_barniz (id_tipo_barniz, descripcion, num_entradas_maquina, num_placas, precio, id_tipo_precio, activo) VALUES (5,'Barniz registro brillante',1,1,50,6,true);




INSERT INTO tipo_cliente (id_tipo_cliente, clave, descripcion, precio, id_tipo_precio, activo) VALUES (1,'M','Maquilador',0,6,true);
INSERT INTO tipo_cliente (id_tipo_cliente, clave, descripcion, precio, id_tipo_precio, activo) VALUES (2,'ME','Maquilador con extras',12,6,true);
INSERT INTO tipo_cliente (id_tipo_cliente, clave, descripcion, precio, id_tipo_precio, activo) VALUES (3,'D','Diseñador',15,6,true);
INSERT INTO tipo_cliente (id_tipo_cliente, clave, descripcion, precio, id_tipo_precio, activo) VALUES (4,'CDCO','Cliente directo contado con anticipo IP',20,6,true);
INSERT INTO tipo_cliente (id_tipo_cliente, clave, descripcion, precio, id_tipo_precio, activo) VALUES (5,'CDCR','Cliente directo crédito IP',30,6,true);
INSERT INTO tipo_cliente (id_tipo_cliente, clave, descripcion, precio, id_tipo_precio, activo) VALUES (6,'G','Cliente directo gobierno',38,6,true);
INSERT INTO tipo_cliente (id_tipo_cliente, clave, descripcion, precio, id_tipo_precio, activo) VALUES (7,'GE','Cliente directo gobierno especial',48,6,true);




INSERT INTO tipo_comprobante_fiscal (id_tipo_comprobante_fiscal, nombre, descripcion, precio, id_tipo_precio, activo) VALUES (1,'Nota de Remisión',' ',0,1,true);
INSERT INTO tipo_comprobante_fiscal (id_tipo_comprobante_fiscal, nombre, descripcion, precio, id_tipo_precio, activo) VALUES (2,'Nota de Factura',' ',16,6,true);




INSERT INTO proveedor_papel (id_proveedor_papel, razon_social, calle, num_exterior, num_interior, colonia, delegacion_municipio, estado, codigo_postal, pais, telefono, email, observaciones, activo) VALUES (1,'Papelera progreso','5 de Febrero',34,' ','Algarín','Gustavo A. Madero','D.F.','65779','México',' ',' ',' ',true);
INSERT INTO proveedor_papel (id_proveedor_papel, razon_social, calle, num_exterior, num_interior, colonia, delegacion_municipio, estado, codigo_postal, pais, telefono, email, observaciones, activo) VALUES (2,'Abastecedora Lumen','5 de Febrero',209,' ','Obrera','Cuauhtémoc','D.F.','06800','México','57614433',' ',' ',true);




INSERT INTO tipo_forma_trabajo (id_tipo_forma_trabajo, nombre, descripcion, activo) VALUES (1,'No aplica','No importa formacion',true);
INSERT INTO tipo_forma_trabajo (id_tipo_forma_trabajo, nombre, descripcion, activo) VALUES (2,'Montado a caballo con grapa','Publicación de hasta 52 paginas, por grapa',true);
INSERT INTO tipo_forma_trabajo (id_tipo_forma_trabajo, nombre, descripcion, activo) VALUES (3,'Hotmealt','Publicación de màs de 52 páginas',true);
INSERT INTO tipo_forma_trabajo (id_tipo_forma_trabajo, nombre, descripcion, activo) VALUES (4,'Formacion Z','Sirve para aprovechar el papel, son 12 páginas',true);




INSERT INTO tipo_papel_extendido (id_tipo_papel_extendido, id_proveedor_papel, nombre, gramaje, kilogramos, alto, ancho, descripcion, precio, id_tipo_precio, activo) VALUES (1,1,'Unibond Blanco',75,37,57,87,' ',1205,4,true);
INSERT INTO tipo_papel_extendido (id_tipo_papel_extendido, id_proveedor_papel, nombre, gramaje, kilogramos, alto, ancho, descripcion, precio, id_tipo_precio, activo) VALUES (2,1,'Unibond Blanco',90,44.5,57,87,' ',1469,4,true);
INSERT INTO tipo_papel_extendido (id_tipo_papel_extendido, id_proveedor_papel, nombre, gramaje, kilogramos, alto, ancho, descripcion, precio, id_tipo_precio, activo) VALUES (3,1,'Unibond Blanco',105,52,57,87,' ',1779,4,true);
INSERT INTO tipo_papel_extendido (id_tipo_papel_extendido, id_proveedor_papel, nombre, gramaje, kilogramos, alto, ancho, descripcion, precio, id_tipo_precio, activo) VALUES (4,1,'Unibond Blanco',120,59.5,57,87,' ',2052,4,true);
INSERT INTO tipo_papel_extendido (id_tipo_papel_extendido, id_proveedor_papel, nombre, gramaje, kilogramos, alto, ancho, descripcion, precio, id_tipo_precio, activo) VALUES (5,1,'Unibond Blanco',75,41,61,90,' ',1338,4,true);
INSERT INTO tipo_papel_extendido (id_tipo_papel_extendido, id_proveedor_papel, nombre, gramaje, kilogramos, alto, ancho, descripcion, precio, id_tipo_precio, activo) VALUES (6,1,'Unibond Blanco',90,49.5,61,90,' ',1601,4,true);
INSERT INTO tipo_papel_extendido (id_tipo_papel_extendido, id_proveedor_papel, nombre, gramaje, kilogramos, alto, ancho, descripcion, precio, id_tipo_precio, activo) VALUES (7,1,'Unibond Blanco',105,57.6,61,90,' ',1970,4,true);
INSERT INTO tipo_papel_extendido (id_tipo_papel_extendido, id_proveedor_papel, nombre, gramaje, kilogramos, alto, ancho, descripcion, precio, id_tipo_precio, activo) VALUES (8,1,'Unibond Blanco',120,66,61,90,' ',2276,4,true);
INSERT INTO tipo_papel_extendido (id_tipo_papel_extendido, id_proveedor_papel, nombre, gramaje, kilogramos, alto, ancho, descripcion, precio, id_tipo_precio, activo) VALUES (9,1,'Unibond Blanco',75,50,70,95,' ',1631,4,true);
INSERT INTO tipo_papel_extendido (id_tipo_papel_extendido, id_proveedor_papel, nombre, gramaje, kilogramos, alto, ancho, descripcion, precio, id_tipo_precio, activo) VALUES (10,1,'Unibond Blanco',90,60,70,95,' ',1958,4,true);
INSERT INTO tipo_papel_extendido (id_tipo_papel_extendido, id_proveedor_papel, nombre, gramaje, kilogramos, alto, ancho, descripcion, precio, id_tipo_precio, activo) VALUES (11,1,'Unibond Blanco',105,70,70,95,' ',2397,4,true);
INSERT INTO tipo_papel_extendido (id_tipo_papel_extendido, id_proveedor_papel, nombre, gramaje, kilogramos, alto, ancho, descripcion, precio, id_tipo_precio, activo) VALUES (12,1,'Unibond Blanco',120,80,70,95,' ',2741,4,true);
INSERT INTO tipo_papel_extendido (id_tipo_papel_extendido, id_proveedor_papel, nombre, gramaje, kilogramos, alto, ancho, descripcion, precio, id_tipo_precio, activo) VALUES (13,1,'Unibond Marfil',75,37,57,87,' ',1458,4,true);
INSERT INTO tipo_papel_extendido (id_tipo_papel_extendido, id_proveedor_papel, nombre, gramaje, kilogramos, alto, ancho, descripcion, precio, id_tipo_precio, activo) VALUES (14,1,'Unibond Marfil',90,44.5,57,87,' ',1772,4,true);
INSERT INTO tipo_papel_extendido (id_tipo_papel_extendido, id_proveedor_papel, nombre, gramaje, kilogramos, alto, ancho, descripcion, precio, id_tipo_precio, activo) VALUES (15,1,'Unibond Marfil',75,50,70,95,' ',1970,4,true);
INSERT INTO tipo_papel_extendido (id_tipo_papel_extendido, id_proveedor_papel, nombre, gramaje, kilogramos, alto, ancho, descripcion, precio, id_tipo_precio, activo) VALUES (16,1,'Unibond Marfil',90,60,70,95,' ',2363,4,true);
INSERT INTO tipo_papel_extendido (id_tipo_papel_extendido, id_proveedor_papel, nombre, gramaje, kilogramos, alto, ancho, descripcion, precio, id_tipo_precio, activo) VALUES (17,1,'Couché Brillante',90,44.5,57,87,' ',1445,4,true);
INSERT INTO tipo_papel_extendido (id_tipo_papel_extendido, id_proveedor_papel, nombre, gramaje, kilogramos, alto, ancho, descripcion, precio, id_tipo_precio, activo) VALUES (18,1,'Couché Brillante',100,49.5,57,87,' ',1560,4,true);
INSERT INTO tipo_papel_extendido (id_tipo_papel_extendido, id_proveedor_papel, nombre, gramaje, kilogramos, alto, ancho, descripcion, precio, id_tipo_precio, activo) VALUES (19,1,'Couché Brillante',115,57,57,87,' ',1793,4,true);
INSERT INTO tipo_papel_extendido (id_tipo_papel_extendido, id_proveedor_papel, nombre, gramaje, kilogramos, alto, ancho, descripcion, precio, id_tipo_precio, activo) VALUES (20,1,'Couché Brillante',130,64.5,57,87,' ',2025,4,true);
INSERT INTO tipo_papel_extendido (id_tipo_papel_extendido, id_proveedor_papel, nombre, gramaje, kilogramos, alto, ancho, descripcion, precio, id_tipo_precio, activo) VALUES (21,1,'Couché Brillante',150,76.5,58,88,' ',2406,4,true);
INSERT INTO tipo_papel_extendido (id_tipo_papel_extendido, id_proveedor_papel, nombre, gramaje, kilogramos, alto, ancho, descripcion, precio, id_tipo_precio, activo) VALUES (22,1,'Couché Brillante',200,102,58,88,' ',3209,4,true);
INSERT INTO tipo_papel_extendido (id_tipo_papel_extendido, id_proveedor_papel, nombre, gramaje, kilogramos, alto, ancho, descripcion, precio, id_tipo_precio, activo) VALUES (23,1,'Couché Brillante',250,130,58,88,' ',4096,4,true);
INSERT INTO tipo_papel_extendido (id_tipo_papel_extendido, id_proveedor_papel, nombre, gramaje, kilogramos, alto, ancho, descripcion, precio, id_tipo_precio, activo) VALUES (24,1,'Couché Brillante',300,153,58,88,' ',4915,4,true);
INSERT INTO tipo_papel_extendido (id_tipo_papel_extendido, id_proveedor_papel, nombre, gramaje, kilogramos, alto, ancho, descripcion, precio, id_tipo_precio, activo) VALUES (25,1,'Couché Brillante',90,49.5,61,90,' ',1599,4,true);
INSERT INTO tipo_papel_extendido (id_tipo_papel_extendido, id_proveedor_papel, nombre, gramaje, kilogramos, alto, ancho, descripcion, precio, id_tipo_precio, activo) VALUES (26,1,'Couché Brillante',100,55,61,90,' ',1726,4,true);
INSERT INTO tipo_papel_extendido (id_tipo_papel_extendido, id_proveedor_papel, nombre, gramaje, kilogramos, alto, ancho, descripcion, precio, id_tipo_precio, activo) VALUES (27,1,'Couché Brillante',115,63,61,90,' ',1986,4,true);
INSERT INTO tipo_papel_extendido (id_tipo_papel_extendido, id_proveedor_papel, nombre, gramaje, kilogramos, alto, ancho, descripcion, precio, id_tipo_precio, activo) VALUES (28,1,'Couché Brillante',130,71.4,61,90,' ',2245,4,true);
INSERT INTO tipo_papel_extendido (id_tipo_papel_extendido, id_proveedor_papel, nombre, gramaje, kilogramos, alto, ancho, descripcion, precio, id_tipo_precio, activo) VALUES (29,1,'Couché Brillante',150,82.5,61,90,' ',2589,4,true);
INSERT INTO tipo_papel_extendido (id_tipo_papel_extendido, id_proveedor_papel, nombre, gramaje, kilogramos, alto, ancho, descripcion, precio, id_tipo_precio, activo) VALUES (30,1,'Couché Brillante',200,110,61,90,' ',3452,4,true);
INSERT INTO tipo_papel_extendido (id_tipo_papel_extendido, id_proveedor_papel, nombre, gramaje, kilogramos, alto, ancho, descripcion, precio, id_tipo_precio, activo) VALUES (31,1,'Couché Brillante',250,140,61,90,' ',4405,4,true);
INSERT INTO tipo_papel_extendido (id_tipo_papel_extendido, id_proveedor_papel, nombre, gramaje, kilogramos, alto, ancho, descripcion, precio, id_tipo_precio, activo) VALUES (32,1,'Couché Brillante',300,165,61,90,' ',5287,4,true);
INSERT INTO tipo_papel_extendido (id_tipo_papel_extendido, id_proveedor_papel, nombre, gramaje, kilogramos, alto, ancho, descripcion, precio, id_tipo_precio, activo) VALUES (33,1,'Couché Brillante',90,60,70,95,' ',1940,4,true);
INSERT INTO tipo_papel_extendido (id_tipo_papel_extendido, id_proveedor_papel, nombre, gramaje, kilogramos, alto, ancho, descripcion, precio, id_tipo_precio, activo) VALUES (34,1,'Couché Brillante',100,66.5,70,95,' ',2091,4,true);
INSERT INTO tipo_papel_extendido (id_tipo_papel_extendido, id_proveedor_papel, nombre, gramaje, kilogramos, alto, ancho, descripcion, precio, id_tipo_precio, activo) VALUES (35,1,'Couché Brillante',115,76.5,70,95,' ',2404,4,true);
INSERT INTO tipo_papel_extendido (id_tipo_papel_extendido, id_proveedor_papel, nombre, gramaje, kilogramos, alto, ancho, descripcion, precio, id_tipo_precio, activo) VALUES (36,1,'Couché Brillante',130,86.5,70,95,' ',2718,4,true);
INSERT INTO tipo_papel_extendido (id_tipo_papel_extendido, id_proveedor_papel, nombre, gramaje, kilogramos, alto, ancho, descripcion, precio, id_tipo_precio, activo) VALUES (37,1,'Couché Brillante',150,100,70,95,' ',3137,4,true);
INSERT INTO tipo_papel_extendido (id_tipo_papel_extendido, id_proveedor_papel, nombre, gramaje, kilogramos, alto, ancho, descripcion, precio, id_tipo_precio, activo) VALUES (38,1,'Couché Brillante',200,133,70,95,' ',4183,4,true);
INSERT INTO tipo_papel_extendido (id_tipo_papel_extendido, id_proveedor_papel, nombre, gramaje, kilogramos, alto, ancho, descripcion, precio, id_tipo_precio, activo) VALUES (39,1,'Couché Brillante',250,169.5,70,95,' ',5336,4,true);
INSERT INTO tipo_papel_extendido (id_tipo_papel_extendido, id_proveedor_papel, nombre, gramaje, kilogramos, alto, ancho, descripcion, precio, id_tipo_precio, activo) VALUES (40,1,'Couché Brillante',300,199,70,95,' ',6406,4,true);
INSERT INTO tipo_papel_extendido (id_tipo_papel_extendido, id_proveedor_papel, nombre, gramaje, kilogramos, alto, ancho, descripcion, precio, id_tipo_precio, activo) VALUES (41,1,'Couché Brillante',100,73,72,102,' ',2309,4,true);
INSERT INTO tipo_papel_extendido (id_tipo_papel_extendido, id_proveedor_papel, nombre, gramaje, kilogramos, alto, ancho, descripcion, precio, id_tipo_precio, activo) VALUES (42,1,'Couché Brillante',115,84.5,72,102,' ',2656,4,true);
INSERT INTO tipo_papel_extendido (id_tipo_papel_extendido, id_proveedor_papel, nombre, gramaje, kilogramos, alto, ancho, descripcion, precio, id_tipo_precio, activo) VALUES (43,1,'Couché Brillante',130,95.5,72,102,' ',3004,4,true);
INSERT INTO tipo_papel_extendido (id_tipo_papel_extendido, id_proveedor_papel, nombre, gramaje, kilogramos, alto, ancho, descripcion, precio, id_tipo_precio, activo) VALUES (44,1,'Couché Brillante',150,110,72,102,' ',3464,4,true);
INSERT INTO tipo_papel_extendido (id_tipo_papel_extendido, id_proveedor_papel, nombre, gramaje, kilogramos, alto, ancho, descripcion, precio, id_tipo_precio, activo) VALUES (45,1,'Couché Brillante',200,147,72,102,' ',4619,4,true);
INSERT INTO tipo_papel_extendido (id_tipo_papel_extendido, id_proveedor_papel, nombre, gramaje, kilogramos, alto, ancho, descripcion, precio, id_tipo_precio, activo) VALUES (46,1,'Couché Brillante',250,184,72,102,' ',5893,4,true);
INSERT INTO tipo_papel_extendido (id_tipo_papel_extendido, id_proveedor_papel, nombre, gramaje, kilogramos, alto, ancho, descripcion, precio, id_tipo_precio, activo) VALUES (47,1,'Couché Mate',90,44.5,57,87,' ',1445,4,true);
INSERT INTO tipo_papel_extendido (id_tipo_papel_extendido, id_proveedor_papel, nombre, gramaje, kilogramos, alto, ancho, descripcion, precio, id_tipo_precio, activo) VALUES (48,1,'Couché Mate',100,49.5,57,87,' ',1560,4,true);
INSERT INTO tipo_papel_extendido (id_tipo_papel_extendido, id_proveedor_papel, nombre, gramaje, kilogramos, alto, ancho, descripcion, precio, id_tipo_precio, activo) VALUES (49,1,'Couché Mate',115,57,57,87,' ',1793,4,true);
INSERT INTO tipo_papel_extendido (id_tipo_papel_extendido, id_proveedor_papel, nombre, gramaje, kilogramos, alto, ancho, descripcion, precio, id_tipo_precio, activo) VALUES (50,1,'Couché Mate',130,64.5,57,87,' ',2025,4,true);
INSERT INTO tipo_papel_extendido (id_tipo_papel_extendido, id_proveedor_papel, nombre, gramaje, kilogramos, alto, ancho, descripcion, precio, id_tipo_precio, activo) VALUES (51,1,'Couché Mate',150,76.5,58,88,' ',2406,4,true);
INSERT INTO tipo_papel_extendido (id_tipo_papel_extendido, id_proveedor_papel, nombre, gramaje, kilogramos, alto, ancho, descripcion, precio, id_tipo_precio, activo) VALUES (52,1,'Couché Mate',200,102,58,88,' ',3209,4,true);
INSERT INTO tipo_papel_extendido (id_tipo_papel_extendido, id_proveedor_papel, nombre, gramaje, kilogramos, alto, ancho, descripcion, precio, id_tipo_precio, activo) VALUES (53,1,'Couché Mate',250,130,58,88,' ',4096,4,true);
INSERT INTO tipo_papel_extendido (id_tipo_papel_extendido, id_proveedor_papel, nombre, gramaje, kilogramos, alto, ancho, descripcion, precio, id_tipo_precio, activo) VALUES (54,1,'Couché Mate',300,153,58,88,' ',4915,4,true);
INSERT INTO tipo_papel_extendido (id_tipo_papel_extendido, id_proveedor_papel, nombre, gramaje, kilogramos, alto, ancho, descripcion, precio, id_tipo_precio, activo) VALUES (55,1,'Couché Mate',90,49.5,61,90,' ',1599,4,true);
INSERT INTO tipo_papel_extendido (id_tipo_papel_extendido, id_proveedor_papel, nombre, gramaje, kilogramos, alto, ancho, descripcion, precio, id_tipo_precio, activo) VALUES (56,1,'Couché Mate',100,55,61,90,' ',1726,4,true);
INSERT INTO tipo_papel_extendido (id_tipo_papel_extendido, id_proveedor_papel, nombre, gramaje, kilogramos, alto, ancho, descripcion, precio, id_tipo_precio, activo) VALUES (57,1,'Couché Mate',115,63,61,90,' ',1986,4,true);
INSERT INTO tipo_papel_extendido (id_tipo_papel_extendido, id_proveedor_papel, nombre, gramaje, kilogramos, alto, ancho, descripcion, precio, id_tipo_precio, activo) VALUES (58,1,'Couché Mate',130,71.4,61,90,' ',2245,4,true);
INSERT INTO tipo_papel_extendido (id_tipo_papel_extendido, id_proveedor_papel, nombre, gramaje, kilogramos, alto, ancho, descripcion, precio, id_tipo_precio, activo) VALUES (59,1,'Couché Mate',150,82.5,61,90,' ',2589,4,true);
INSERT INTO tipo_papel_extendido (id_tipo_papel_extendido, id_proveedor_papel, nombre, gramaje, kilogramos, alto, ancho, descripcion, precio, id_tipo_precio, activo) VALUES (60,1,'Couché Mate',200,110,61,90,' ',3452,4,true);
INSERT INTO tipo_papel_extendido (id_tipo_papel_extendido, id_proveedor_papel, nombre, gramaje, kilogramos, alto, ancho, descripcion, precio, id_tipo_precio, activo) VALUES (61,1,'Couché Mate',250,140,61,90,' ',4405,4,true);
INSERT INTO tipo_papel_extendido (id_tipo_papel_extendido, id_proveedor_papel, nombre, gramaje, kilogramos, alto, ancho, descripcion, precio, id_tipo_precio, activo) VALUES (62,1,'Couché Mate',300,165,61,90,' ',5287,4,true);
INSERT INTO tipo_papel_extendido (id_tipo_papel_extendido, id_proveedor_papel, nombre, gramaje, kilogramos, alto, ancho, descripcion, precio, id_tipo_precio, activo) VALUES (63,1,'Couché Mate',90,60,70,95,' ',1940,4,true);
INSERT INTO tipo_papel_extendido (id_tipo_papel_extendido, id_proveedor_papel, nombre, gramaje, kilogramos, alto, ancho, descripcion, precio, id_tipo_precio, activo) VALUES (64,1,'Couché Mate',100,66.5,70,95,' ',2091,4,true);
INSERT INTO tipo_papel_extendido (id_tipo_papel_extendido, id_proveedor_papel, nombre, gramaje, kilogramos, alto, ancho, descripcion, precio, id_tipo_precio, activo) VALUES (65,1,'Couché Mate',115,76.5,70,95,' ',2404,4,true);
INSERT INTO tipo_papel_extendido (id_tipo_papel_extendido, id_proveedor_papel, nombre, gramaje, kilogramos, alto, ancho, descripcion, precio, id_tipo_precio, activo) VALUES (66,1,'Couché Mate',130,86.5,70,95,' ',2718,4,true);
INSERT INTO tipo_papel_extendido (id_tipo_papel_extendido, id_proveedor_papel, nombre, gramaje, kilogramos, alto, ancho, descripcion, precio, id_tipo_precio, activo) VALUES (67,1,'Couché Mate',150,100,70,95,' ',3137,4,true);
INSERT INTO tipo_papel_extendido (id_tipo_papel_extendido, id_proveedor_papel, nombre, gramaje, kilogramos, alto, ancho, descripcion, precio, id_tipo_precio, activo) VALUES (68,1,'Couché Mate',200,133,70,95,' ',4183,4,true);
INSERT INTO tipo_papel_extendido (id_tipo_papel_extendido, id_proveedor_papel, nombre, gramaje, kilogramos, alto, ancho, descripcion, precio, id_tipo_precio, activo) VALUES (69,1,'Couché Mate',250,169.5,70,95,' ',5336,4,true);
INSERT INTO tipo_papel_extendido (id_tipo_papel_extendido, id_proveedor_papel, nombre, gramaje, kilogramos, alto, ancho, descripcion, precio, id_tipo_precio, activo) VALUES (70,1,'Couché Mate',300,199,70,95,' ',6406,4,true);
INSERT INTO tipo_papel_extendido (id_tipo_papel_extendido, id_proveedor_papel, nombre, gramaje, kilogramos, alto, ancho, descripcion, precio, id_tipo_precio, activo) VALUES (71,1,'Couché Mate',100,73,72,102,' ',2309,4,true);
INSERT INTO tipo_papel_extendido (id_tipo_papel_extendido, id_proveedor_papel, nombre, gramaje, kilogramos, alto, ancho, descripcion, precio, id_tipo_precio, activo) VALUES (72,1,'Couché Mate',115,84.5,72,102,' ',2656,4,true);
INSERT INTO tipo_papel_extendido (id_tipo_papel_extendido, id_proveedor_papel, nombre, gramaje, kilogramos, alto, ancho, descripcion, precio, id_tipo_precio, activo) VALUES (73,1,'Couché Mate',130,95.5,72,102,' ',3004,4,true);
INSERT INTO tipo_papel_extendido (id_tipo_papel_extendido, id_proveedor_papel, nombre, gramaje, kilogramos, alto, ancho, descripcion, precio, id_tipo_precio, activo) VALUES (74,1,'Couché Mate',150,110,72,102,' ',3464,4,true);
INSERT INTO tipo_papel_extendido (id_tipo_papel_extendido, id_proveedor_papel, nombre, gramaje, kilogramos, alto, ancho, descripcion, precio, id_tipo_precio, activo) VALUES (75,1,'Couché Mate',200,147,72,102,' ',4619,4,true);
INSERT INTO tipo_papel_extendido (id_tipo_papel_extendido, id_proveedor_papel, nombre, gramaje, kilogramos, alto, ancho, descripcion, precio, id_tipo_precio, activo) VALUES (76,1,'Couché Mate',250,184,72,102,' ',5893,4,true);
INSERT INTO tipo_papel_extendido (id_tipo_papel_extendido, id_proveedor_papel, nombre, gramaje, kilogramos, alto, ancho, descripcion, precio, id_tipo_precio, activo) VALUES (77,1,'Sulfadata 1/cara',10,0,58,88,' ',4542,4,true);
INSERT INTO tipo_papel_extendido (id_tipo_papel_extendido, id_proveedor_papel, nombre, gramaje, kilogramos, alto, ancho, descripcion, precio, id_tipo_precio, activo) VALUES (78,1,'Sulfadata 1/cara',10,0,61,90,' ',4808,4,true);
INSERT INTO tipo_papel_extendido (id_tipo_papel_extendido, id_proveedor_papel, nombre, gramaje, kilogramos, alto, ancho, descripcion, precio, id_tipo_precio, activo) VALUES (79,1,'Sulfadata 1/cara',10,0,70,95,' ',5922,4,true);
INSERT INTO tipo_papel_extendido (id_tipo_papel_extendido, id_proveedor_papel, nombre, gramaje, kilogramos, alto, ancho, descripcion, precio, id_tipo_precio, activo) VALUES (80,1,'Sulfadata 1/cara',10,0,71,125,' ',7903,4,true);
INSERT INTO tipo_papel_extendido (id_tipo_papel_extendido, id_proveedor_papel, nombre, gramaje, kilogramos, alto, ancho, descripcion, precio, id_tipo_precio, activo) VALUES (81,1,'Sulfadata 1/cara',10,0,90,125,' ',10020,4,true);
INSERT INTO tipo_papel_extendido (id_tipo_papel_extendido, id_proveedor_papel, nombre, gramaje, kilogramos, alto, ancho, descripcion, precio, id_tipo_precio, activo) VALUES (82,1,'Sulfadata 1/cara',12,0,58,88,' ',4983,4,true);
INSERT INTO tipo_papel_extendido (id_tipo_papel_extendido, id_proveedor_papel, nombre, gramaje, kilogramos, alto, ancho, descripcion, precio, id_tipo_precio, activo) VALUES (83,1,'Sulfadata 1/cara',12,0,61,90,' ',5274,4,true);
INSERT INTO tipo_papel_extendido (id_tipo_papel_extendido, id_proveedor_papel, nombre, gramaje, kilogramos, alto, ancho, descripcion, precio, id_tipo_precio, activo) VALUES (84,1,'Sulfadata 1/cara',12,0,70,95,' ',6495,4,true);
INSERT INTO tipo_papel_extendido (id_tipo_papel_extendido, id_proveedor_papel, nombre, gramaje, kilogramos, alto, ancho, descripcion, precio, id_tipo_precio, activo) VALUES (85,1,'Sulfadata 1/cara',12,0,71,125,' ',8667,4,true);
INSERT INTO tipo_papel_extendido (id_tipo_papel_extendido, id_proveedor_papel, nombre, gramaje, kilogramos, alto, ancho, descripcion, precio, id_tipo_precio, activo) VALUES (86,1,'Sulfadata 1/cara',12,0,90,125,' ',10986,4,true);
INSERT INTO tipo_papel_extendido (id_tipo_papel_extendido, id_proveedor_papel, nombre, gramaje, kilogramos, alto, ancho, descripcion, precio, id_tipo_precio, activo) VALUES (87,1,'Sulfadata 1/cara',14,0,58,88,' ',5478,4,true);
INSERT INTO tipo_papel_extendido (id_tipo_papel_extendido, id_proveedor_papel, nombre, gramaje, kilogramos, alto, ancho, descripcion, precio, id_tipo_precio, activo) VALUES (88,1,'Sulfadata 1/cara',14,0,61,90,' ',5797,4,true);
INSERT INTO tipo_papel_extendido (id_tipo_papel_extendido, id_proveedor_papel, nombre, gramaje, kilogramos, alto, ancho, descripcion, precio, id_tipo_precio, activo) VALUES (89,1,'Sulfadata 1/cara',14,0,70,95,' ',7138,4,true);
INSERT INTO tipo_papel_extendido (id_tipo_papel_extendido, id_proveedor_papel, nombre, gramaje, kilogramos, alto, ancho, descripcion, precio, id_tipo_precio, activo) VALUES (90,1,'Sulfadata 1/cara',14,0,71,125,' ',9528,4,true);
INSERT INTO tipo_papel_extendido (id_tipo_papel_extendido, id_proveedor_papel, nombre, gramaje, kilogramos, alto, ancho, descripcion, precio, id_tipo_precio, activo) VALUES (91,1,'Sulfadata 1/cara',14,0,90,125,' ',12076,4,true);
INSERT INTO tipo_papel_extendido (id_tipo_papel_extendido, id_proveedor_papel, nombre, gramaje, kilogramos, alto, ancho, descripcion, precio, id_tipo_precio, activo) VALUES (92,1,'Sulfadata 1/cara',16,0,58,88,' ',6138,4,true);
INSERT INTO tipo_papel_extendido (id_tipo_papel_extendido, id_proveedor_papel, nombre, gramaje, kilogramos, alto, ancho, descripcion, precio, id_tipo_precio, activo) VALUES (93,1,'Sulfadata 1/cara',16,0,61,90,' ',6495,4,true);
INSERT INTO tipo_papel_extendido (id_tipo_papel_extendido, id_proveedor_papel, nombre, gramaje, kilogramos, alto, ancho, descripcion, precio, id_tipo_precio, activo) VALUES (94,1,'Sulfadata 1/cara',16,0,70,95,' ',7998,4,true);
INSERT INTO tipo_papel_extendido (id_tipo_papel_extendido, id_proveedor_papel, nombre, gramaje, kilogramos, alto, ancho, descripcion, precio, id_tipo_precio, activo) VALUES (95,1,'Sulfadata 1/cara',16,0,71,125,' ',10673,4,true);
INSERT INTO tipo_papel_extendido (id_tipo_papel_extendido, id_proveedor_papel, nombre, gramaje, kilogramos, alto, ancho, descripcion, precio, id_tipo_precio, activo) VALUES (96,1,'Sulfadata 1/cara',16,0,90,125,' ',13529,4,true);
INSERT INTO tipo_papel_extendido (id_tipo_papel_extendido, id_proveedor_papel, nombre, gramaje, kilogramos, alto, ancho, descripcion, precio, id_tipo_precio, activo) VALUES (97,1,'Sulfadata 2/cara',10,0,58,88,' ',5116,4,true);
INSERT INTO tipo_papel_extendido (id_tipo_papel_extendido, id_proveedor_papel, nombre, gramaje, kilogramos, alto, ancho, descripcion, precio, id_tipo_precio, activo) VALUES (98,1,'Sulfadata 2/cara',10,0,61,90,' ',5685,4,true);
INSERT INTO tipo_papel_extendido (id_tipo_papel_extendido, id_proveedor_papel, nombre, gramaje, kilogramos, alto, ancho, descripcion, precio, id_tipo_precio, activo) VALUES (99,1,'Sulfadata 2/cara',10,0,70,95,' ',6899,4,true);
INSERT INTO tipo_papel_extendido (id_tipo_papel_extendido, id_proveedor_papel, nombre, gramaje, kilogramos, alto, ancho, descripcion, precio, id_tipo_precio, activo) VALUES (100,1,'Sulfadata 2/cara',10,0,71,125,' ',8802,4,true);
INSERT INTO tipo_papel_extendido (id_tipo_papel_extendido, id_proveedor_papel, nombre, gramaje, kilogramos, alto, ancho, descripcion, precio, id_tipo_precio, activo) VALUES (101,1,'Sulfadata 2/cara',10,0,90,125,' ',11157,4,true);
INSERT INTO tipo_papel_extendido (id_tipo_papel_extendido, id_proveedor_papel, nombre, gramaje, kilogramos, alto, ancho, descripcion, precio, id_tipo_precio, activo) VALUES (102,1,'Sulfadata 2/cara',12,0,58,88,' ',5677,4,true);
INSERT INTO tipo_papel_extendido (id_tipo_papel_extendido, id_proveedor_papel, nombre, gramaje, kilogramos, alto, ancho, descripcion, precio, id_tipo_precio, activo) VALUES (103,1,'Sulfadata 2/cara',12,0,61,90,' ',6100,4,true);
INSERT INTO tipo_papel_extendido (id_tipo_papel_extendido, id_proveedor_papel, nombre, gramaje, kilogramos, alto, ancho, descripcion, precio, id_tipo_precio, activo) VALUES (104,1,'Sulfadata 2/cara',12,0,70,95,' ',7389,4,true);
INSERT INTO tipo_papel_extendido (id_tipo_papel_extendido, id_proveedor_papel, nombre, gramaje, kilogramos, alto, ancho, descripcion, precio, id_tipo_precio, activo) VALUES (105,1,'Sulfadata 2/cara',12,0,71,125,' ',9874,4,true);
INSERT INTO tipo_papel_extendido (id_tipo_papel_extendido, id_proveedor_papel, nombre, gramaje, kilogramos, alto, ancho, descripcion, precio, id_tipo_precio, activo) VALUES (106,1,'Sulfadata 2/cara',12,0,90,125,' ',12511,4,true);
INSERT INTO tipo_papel_extendido (id_tipo_papel_extendido, id_proveedor_papel, nombre, gramaje, kilogramos, alto, ancho, descripcion, precio, id_tipo_precio, activo) VALUES (107,1,'Sulfadata 2/cara',14,0,58,88,' ',6450,4,true);
INSERT INTO tipo_papel_extendido (id_tipo_papel_extendido, id_proveedor_papel, nombre, gramaje, kilogramos, alto, ancho, descripcion, precio, id_tipo_precio, activo) VALUES (108,1,'Sulfadata 2/cara',14,0,61,90,' ',6937,4,true);
INSERT INTO tipo_papel_extendido (id_tipo_papel_extendido, id_proveedor_papel, nombre, gramaje, kilogramos, alto, ancho, descripcion, precio, id_tipo_precio, activo) VALUES (109,1,'Sulfadata 2/cara',14,0,70,95,' ',8395,4,true);
INSERT INTO tipo_papel_extendido (id_tipo_papel_extendido, id_proveedor_papel, nombre, gramaje, kilogramos, alto, ancho, descripcion, precio, id_tipo_precio, activo) VALUES (110,1,'Sulfadata 2/cara',14,0,71,125,' ',11214,4,true);
INSERT INTO tipo_papel_extendido (id_tipo_papel_extendido, id_proveedor_papel, nombre, gramaje, kilogramos, alto, ancho, descripcion, precio, id_tipo_precio, activo) VALUES (111,1,'Sulfadata 2/cara',14,0,90,125,' ',14214,4,true);
INSERT INTO tipo_papel_extendido (id_tipo_papel_extendido, id_proveedor_papel, nombre, gramaje, kilogramos, alto, ancho, descripcion, precio, id_tipo_precio, activo) VALUES (112,1,'Sulfadata 2/cara',16,0,58,88,' ',6500,4,true);
INSERT INTO tipo_papel_extendido (id_tipo_papel_extendido, id_proveedor_papel, nombre, gramaje, kilogramos, alto, ancho, descripcion, precio, id_tipo_precio, activo) VALUES (113,1,'Sulfadata 2/cara',16,0,61,90,' ',7467,4,true);
INSERT INTO tipo_papel_extendido (id_tipo_papel_extendido, id_proveedor_papel, nombre, gramaje, kilogramos, alto, ancho, descripcion, precio, id_tipo_precio, activo) VALUES (114,1,'Sulfadata 2/cara',16,0,70,95,' ',9050,4,true);
INSERT INTO tipo_papel_extendido (id_tipo_papel_extendido, id_proveedor_papel, nombre, gramaje, kilogramos, alto, ancho, descripcion, precio, id_tipo_precio, activo) VALUES (115,1,'Sulfadata 2/cara',16,0,71,125,' ',11836,4,true);
INSERT INTO tipo_papel_extendido (id_tipo_papel_extendido, id_proveedor_papel, nombre, gramaje, kilogramos, alto, ancho, descripcion, precio, id_tipo_precio, activo) VALUES (116,1,'Sulfadata 2/cara',16,0,90,125,' ',15315,4,true);
INSERT INTO tipo_papel_extendido (id_tipo_papel_extendido, id_proveedor_papel, nombre, gramaje, kilogramos, alto, ancho, descripcion, precio, id_tipo_precio, activo) VALUES (117,1,'Opalina blanca',125,62,57,87,' ',3489,4,true);
INSERT INTO tipo_papel_extendido (id_tipo_papel_extendido, id_proveedor_papel, nombre, gramaje, kilogramos, alto, ancho, descripcion, precio, id_tipo_precio, activo) VALUES (118,1,'Opalina blanca',125,83,70,95,' ',4672,4,true);
INSERT INTO tipo_papel_extendido (id_tipo_papel_extendido, id_proveedor_papel, nombre, gramaje, kilogramos, alto, ancho, descripcion, precio, id_tipo_precio, activo) VALUES (119,1,'Opalina blanca',225,92,57,72,' ',5178,4,true);
INSERT INTO tipo_papel_extendido (id_tipo_papel_extendido, id_proveedor_papel, nombre, gramaje, kilogramos, alto, ancho, descripcion, precio, id_tipo_precio, activo) VALUES (120,1,'Opalina blanca',225,112,57,87,' ',6304,4,true);
INSERT INTO tipo_papel_extendido (id_tipo_papel_extendido, id_proveedor_papel, nombre, gramaje, kilogramos, alto, ancho, descripcion, precio, id_tipo_precio, activo) VALUES (121,2,'Unibond Premium Blanco',50,25,57,87,' ',1256,4,true);
INSERT INTO tipo_papel_extendido (id_tipo_papel_extendido, id_proveedor_papel, nombre, gramaje, kilogramos, alto, ancho, descripcion, precio, id_tipo_precio, activo) VALUES (122,2,'Unibond Premium Blanco',50,33,70,95,' ',1658,4,true);
INSERT INTO tipo_papel_extendido (id_tipo_papel_extendido, id_proveedor_papel, nombre, gramaje, kilogramos, alto, ancho, descripcion, precio, id_tipo_precio, activo) VALUES (123,2,'Unibond Premium Blanco',60,30,57,87,' ',1224,4,true);
INSERT INTO tipo_papel_extendido (id_tipo_papel_extendido, id_proveedor_papel, nombre, gramaje, kilogramos, alto, ancho, descripcion, precio, id_tipo_precio, activo) VALUES (124,2,'Unibond Premium Blanco',60,40,70,95,' ',1632,4,true);
INSERT INTO tipo_papel_extendido (id_tipo_papel_extendido, id_proveedor_papel, nombre, gramaje, kilogramos, alto, ancho, descripcion, precio, id_tipo_precio, activo) VALUES (125,2,'Unibond Premium Blanco',75,37,57,87,' ',1423,4,true);
INSERT INTO tipo_papel_extendido (id_tipo_papel_extendido, id_proveedor_papel, nombre, gramaje, kilogramos, alto, ancho, descripcion, precio, id_tipo_precio, activo) VALUES (126,2,'Unibond Premium Blanco',90,44.5,57,87,' ',1731,4,true);
INSERT INTO tipo_papel_extendido (id_tipo_papel_extendido, id_proveedor_papel, nombre, gramaje, kilogramos, alto, ancho, descripcion, precio, id_tipo_precio, activo) VALUES (127,2,'Unibond Premium Blanco',120,59.5,57,87,' ',2422,4,true);
INSERT INTO tipo_papel_extendido (id_tipo_papel_extendido, id_proveedor_papel, nombre, gramaje, kilogramos, alto, ancho, descripcion, precio, id_tipo_precio, activo) VALUES (128,2,'Unibond Premium Blanco',75,41,61,90,' ',1578,4,true);
INSERT INTO tipo_papel_extendido (id_tipo_papel_extendido, id_proveedor_papel, nombre, gramaje, kilogramos, alto, ancho, descripcion, precio, id_tipo_precio, activo) VALUES (129,2,'Unibond Premium Blanco',90,49.5,61,90,' ',1886,4,true);
INSERT INTO tipo_papel_extendido (id_tipo_papel_extendido, id_proveedor_papel, nombre, gramaje, kilogramos, alto, ancho, descripcion, precio, id_tipo_precio, activo) VALUES (130,2,'Unibond Premium Blanco',75,50,70,95,' ',1925,4,true);
INSERT INTO tipo_papel_extendido (id_tipo_papel_extendido, id_proveedor_papel, nombre, gramaje, kilogramos, alto, ancho, descripcion, precio, id_tipo_precio, activo) VALUES (131,2,'Unibond Premium Blanco',90,60,70,95,' ',2309,4,true);
INSERT INTO tipo_papel_extendido (id_tipo_papel_extendido, id_proveedor_papel, nombre, gramaje, kilogramos, alto, ancho, descripcion, precio, id_tipo_precio, activo) VALUES (132,2,'Unibond Premium Blanco',105,70,70,95,' ',2826,4,true);
INSERT INTO tipo_papel_extendido (id_tipo_papel_extendido, id_proveedor_papel, nombre, gramaje, kilogramos, alto, ancho, descripcion, precio, id_tipo_precio, activo) VALUES (133,2,'Unibond Premium Blanco',120,80,70,95,' ',3230,4,true);
INSERT INTO tipo_papel_extendido (id_tipo_papel_extendido, id_proveedor_papel, nombre, gramaje, kilogramos, alto, ancho, descripcion, precio, id_tipo_precio, activo) VALUES (134,2,'Unibond Lumen Extra Blanco',75,37,57,87,' ',1531,4,true);
INSERT INTO tipo_papel_extendido (id_tipo_papel_extendido, id_proveedor_papel, nombre, gramaje, kilogramos, alto, ancho, descripcion, precio, id_tipo_precio, activo) VALUES (135,2,'Unibond Lumen Extra Blanco',90,44.5,57,87,' ',1862,4,true);
INSERT INTO tipo_papel_extendido (id_tipo_papel_extendido, id_proveedor_papel, nombre, gramaje, kilogramos, alto, ancho, descripcion, precio, id_tipo_precio, activo) VALUES (136,2,'Unibond Lumen Extra Blanco',75,41,61,90,' ',1694,4,true);
INSERT INTO tipo_papel_extendido (id_tipo_papel_extendido, id_proveedor_papel, nombre, gramaje, kilogramos, alto, ancho, descripcion, precio, id_tipo_precio, activo) VALUES (137,2,'Unibond Lumen Extra Blanco',90,49.5,61,90,' ',2026,4,true);
INSERT INTO tipo_papel_extendido (id_tipo_papel_extendido, id_proveedor_papel, nombre, gramaje, kilogramos, alto, ancho, descripcion, precio, id_tipo_precio, activo) VALUES (138,2,'Unibond Lumen Extra Blanco',75,50,70,95,' ',2067,4,true);
INSERT INTO tipo_papel_extendido (id_tipo_papel_extendido, id_proveedor_papel, nombre, gramaje, kilogramos, alto, ancho, descripcion, precio, id_tipo_precio, activo) VALUES (139,2,'Unibond Lumen Extra Blanco',90,60,70,95,' ',2480,4,true);
INSERT INTO tipo_papel_extendido (id_tipo_papel_extendido, id_proveedor_papel, nombre, gramaje, kilogramos, alto, ancho, descripcion, precio, id_tipo_precio, activo) VALUES (140,2,'Unibond Marfil',75,37,57,87,' ',1702,4,true);
INSERT INTO tipo_papel_extendido (id_tipo_papel_extendido, id_proveedor_papel, nombre, gramaje, kilogramos, alto, ancho, descripcion, precio, id_tipo_precio, activo) VALUES (141,2,'Unibond Marfil',90,44.5,57,87,' ',2073,4,true);
INSERT INTO tipo_papel_extendido (id_tipo_papel_extendido, id_proveedor_papel, nombre, gramaje, kilogramos, alto, ancho, descripcion, precio, id_tipo_precio, activo) VALUES (142,2,'Unibond Marfil',75,50,70,95,' ',2301,4,true);
INSERT INTO tipo_papel_extendido (id_tipo_papel_extendido, id_proveedor_papel, nombre, gramaje, kilogramos, alto, ancho, descripcion, precio, id_tipo_precio, activo) VALUES (143,2,'Unibond Marfil',90,60,70,95,' ',2763,4,true);
INSERT INTO tipo_papel_extendido (id_tipo_papel_extendido, id_proveedor_papel, nombre, gramaje, kilogramos, alto, ancho, descripcion, precio, id_tipo_precio, activo) VALUES (144,2,'Couché Brillante',90,44.5,57,87,' ',1445,4,true);
INSERT INTO tipo_papel_extendido (id_tipo_papel_extendido, id_proveedor_papel, nombre, gramaje, kilogramos, alto, ancho, descripcion, precio, id_tipo_precio, activo) VALUES (145,2,'Couché Brillante',90,49.5,61,90,' ',1599,4,true);
INSERT INTO tipo_papel_extendido (id_tipo_papel_extendido, id_proveedor_papel, nombre, gramaje, kilogramos, alto, ancho, descripcion, precio, id_tipo_precio, activo) VALUES (146,2,'Couché Brillante',90,60,70,95,' ',1940,4,true);
INSERT INTO tipo_papel_extendido (id_tipo_papel_extendido, id_proveedor_papel, nombre, gramaje, kilogramos, alto, ancho, descripcion, precio, id_tipo_precio, activo) VALUES (147,2,'Couché Brillante',100,49.5,57,87,' ',1560,4,true);
INSERT INTO tipo_papel_extendido (id_tipo_papel_extendido, id_proveedor_papel, nombre, gramaje, kilogramos, alto, ancho, descripcion, precio, id_tipo_precio, activo) VALUES (148,2,'Couché Brillante',100,55,61,90,' ',1726,4,true);
INSERT INTO tipo_papel_extendido (id_tipo_papel_extendido, id_proveedor_papel, nombre, gramaje, kilogramos, alto, ancho, descripcion, precio, id_tipo_precio, activo) VALUES (149,2,'Couché Brillante',100,66.5,70,95,' ',2091,4,true);
INSERT INTO tipo_papel_extendido (id_tipo_papel_extendido, id_proveedor_papel, nombre, gramaje, kilogramos, alto, ancho, descripcion, precio, id_tipo_precio, activo) VALUES (150,2,'Couché Brillante',100,73,72,102,' ',2309,4,true);
INSERT INTO tipo_papel_extendido (id_tipo_papel_extendido, id_proveedor_papel, nombre, gramaje, kilogramos, alto, ancho, descripcion, precio, id_tipo_precio, activo) VALUES (151,2,'Couché Brillante',115,57,57,87,' ',1793,4,true);
INSERT INTO tipo_papel_extendido (id_tipo_papel_extendido, id_proveedor_papel, nombre, gramaje, kilogramos, alto, ancho, descripcion, precio, id_tipo_precio, activo) VALUES (152,2,'Couché Brillante',115,63,61,90,' ',1986,4,true);
INSERT INTO tipo_papel_extendido (id_tipo_papel_extendido, id_proveedor_papel, nombre, gramaje, kilogramos, alto, ancho, descripcion, precio, id_tipo_precio, activo) VALUES (153,2,'Couché Brillante',115,76.5,70,95,' ',2404,4,true);
INSERT INTO tipo_papel_extendido (id_tipo_papel_extendido, id_proveedor_papel, nombre, gramaje, kilogramos, alto, ancho, descripcion, precio, id_tipo_precio, activo) VALUES (154,2,'Couché Brillante',115,84.5,72,102,' ',2656,4,true);
INSERT INTO tipo_papel_extendido (id_tipo_papel_extendido, id_proveedor_papel, nombre, gramaje, kilogramos, alto, ancho, descripcion, precio, id_tipo_precio, activo) VALUES (155,2,'Couché Brillante',130,64.5,57,87,' ',2025,4,true);
INSERT INTO tipo_papel_extendido (id_tipo_papel_extendido, id_proveedor_papel, nombre, gramaje, kilogramos, alto, ancho, descripcion, precio, id_tipo_precio, activo) VALUES (156,2,'Couché Brillante',130,71.4,61,90,' ',2245,4,true);
INSERT INTO tipo_papel_extendido (id_tipo_papel_extendido, id_proveedor_papel, nombre, gramaje, kilogramos, alto, ancho, descripcion, precio, id_tipo_precio, activo) VALUES (157,2,'Couché Brillante',130,86.5,70,95,' ',2718,4,true);
INSERT INTO tipo_papel_extendido (id_tipo_papel_extendido, id_proveedor_papel, nombre, gramaje, kilogramos, alto, ancho, descripcion, precio, id_tipo_precio, activo) VALUES (158,2,'Couché Brillante',130,95.5,72,102,' ',3004,4,true);
INSERT INTO tipo_papel_extendido (id_tipo_papel_extendido, id_proveedor_papel, nombre, gramaje, kilogramos, alto, ancho, descripcion, precio, id_tipo_precio, activo) VALUES (159,2,'Couché Brillante',150,76.5,58,88,' ',2406,4,true);
INSERT INTO tipo_papel_extendido (id_tipo_papel_extendido, id_proveedor_papel, nombre, gramaje, kilogramos, alto, ancho, descripcion, precio, id_tipo_precio, activo) VALUES (160,2,'Couché Brillante',150,82.5,61,90,' ',2589,4,true);
INSERT INTO tipo_papel_extendido (id_tipo_papel_extendido, id_proveedor_papel, nombre, gramaje, kilogramos, alto, ancho, descripcion, precio, id_tipo_precio, activo) VALUES (161,2,'Couché Brillante',150,100,70,95,' ',3137,4,true);
INSERT INTO tipo_papel_extendido (id_tipo_papel_extendido, id_proveedor_papel, nombre, gramaje, kilogramos, alto, ancho, descripcion, precio, id_tipo_precio, activo) VALUES (162,2,'Couché Brillante',150,110,72,102,' ',3464,4,true);
INSERT INTO tipo_papel_extendido (id_tipo_papel_extendido, id_proveedor_papel, nombre, gramaje, kilogramos, alto, ancho, descripcion, precio, id_tipo_precio, activo) VALUES (163,2,'Couché Brillante',200,102,58,88,' ',3209,4,true);
INSERT INTO tipo_papel_extendido (id_tipo_papel_extendido, id_proveedor_papel, nombre, gramaje, kilogramos, alto, ancho, descripcion, precio, id_tipo_precio, activo) VALUES (164,2,'Couché Brillante',200,110,61,90,' ',3452,4,true);
INSERT INTO tipo_papel_extendido (id_tipo_papel_extendido, id_proveedor_papel, nombre, gramaje, kilogramos, alto, ancho, descripcion, precio, id_tipo_precio, activo) VALUES (165,2,'Couché Brillante',200,133,70,95,' ',4183,4,true);
INSERT INTO tipo_papel_extendido (id_tipo_papel_extendido, id_proveedor_papel, nombre, gramaje, kilogramos, alto, ancho, descripcion, precio, id_tipo_precio, activo) VALUES (166,2,'Couché Brillante',200,147,72,102,' ',4619,4,true);
INSERT INTO tipo_papel_extendido (id_tipo_papel_extendido, id_proveedor_papel, nombre, gramaje, kilogramos, alto, ancho, descripcion, precio, id_tipo_precio, activo) VALUES (167,2,'Couché Brillante',250,130,58,88,' ',4096,4,true);
INSERT INTO tipo_papel_extendido (id_tipo_papel_extendido, id_proveedor_papel, nombre, gramaje, kilogramos, alto, ancho, descripcion, precio, id_tipo_precio, activo) VALUES (168,2,'Couché Brillante',250,140,61,90,' ',4405,4,true);
INSERT INTO tipo_papel_extendido (id_tipo_papel_extendido, id_proveedor_papel, nombre, gramaje, kilogramos, alto, ancho, descripcion, precio, id_tipo_precio, activo) VALUES (169,2,'Couché Brillante',250,169.5,70,95,' ',5336,4,true);
INSERT INTO tipo_papel_extendido (id_tipo_papel_extendido, id_proveedor_papel, nombre, gramaje, kilogramos, alto, ancho, descripcion, precio, id_tipo_precio, activo) VALUES (170,2,'Couché Brillante',250,184,72,102,' ',5893,4,true);
INSERT INTO tipo_papel_extendido (id_tipo_papel_extendido, id_proveedor_papel, nombre, gramaje, kilogramos, alto, ancho, descripcion, precio, id_tipo_precio, activo) VALUES (171,2,'Couché Brillante',300,153,58,88,' ',4915,4,true);
INSERT INTO tipo_papel_extendido (id_tipo_papel_extendido, id_proveedor_papel, nombre, gramaje, kilogramos, alto, ancho, descripcion, precio, id_tipo_precio, activo) VALUES (172,2,'Couché Brillante',300,165,61,90,' ',5287,4,true);
INSERT INTO tipo_papel_extendido (id_tipo_papel_extendido, id_proveedor_papel, nombre, gramaje, kilogramos, alto, ancho, descripcion, precio, id_tipo_precio, activo) VALUES (173,2,'Couché Brillante',300,199,70,95,' ',6406,4,true);
INSERT INTO tipo_papel_extendido (id_tipo_papel_extendido, id_proveedor_papel, nombre, gramaje, kilogramos, alto, ancho, descripcion, precio, id_tipo_precio, activo) VALUES (174,2,'Couché Mate',90,44.5,57,87,' ',1445,4,true);
INSERT INTO tipo_papel_extendido (id_tipo_papel_extendido, id_proveedor_papel, nombre, gramaje, kilogramos, alto, ancho, descripcion, precio, id_tipo_precio, activo) VALUES (175,2,'Couché Mate',90,49.5,61,90,' ',1599,4,true);
INSERT INTO tipo_papel_extendido (id_tipo_papel_extendido, id_proveedor_papel, nombre, gramaje, kilogramos, alto, ancho, descripcion, precio, id_tipo_precio, activo) VALUES (176,2,'Couché Mate',90,60,70,95,' ',1940,4,true);
INSERT INTO tipo_papel_extendido (id_tipo_papel_extendido, id_proveedor_papel, nombre, gramaje, kilogramos, alto, ancho, descripcion, precio, id_tipo_precio, activo) VALUES (177,2,'Couché Mate',100,49.5,57,87,' ',1560,4,true);
INSERT INTO tipo_papel_extendido (id_tipo_papel_extendido, id_proveedor_papel, nombre, gramaje, kilogramos, alto, ancho, descripcion, precio, id_tipo_precio, activo) VALUES (178,2,'Couché Mate',100,55,61,90,' ',1726,4,true);
INSERT INTO tipo_papel_extendido (id_tipo_papel_extendido, id_proveedor_papel, nombre, gramaje, kilogramos, alto, ancho, descripcion, precio, id_tipo_precio, activo) VALUES (179,2,'Couché Mate',100,66.5,70,95,' ',2091,4,true);
INSERT INTO tipo_papel_extendido (id_tipo_papel_extendido, id_proveedor_papel, nombre, gramaje, kilogramos, alto, ancho, descripcion, precio, id_tipo_precio, activo) VALUES (180,2,'Couché Mate',100,73,72,102,' ',2309,4,true);
INSERT INTO tipo_papel_extendido (id_tipo_papel_extendido, id_proveedor_papel, nombre, gramaje, kilogramos, alto, ancho, descripcion, precio, id_tipo_precio, activo) VALUES (181,2,'Couché Mate',115,57,57,87,' ',1793,4,true);
INSERT INTO tipo_papel_extendido (id_tipo_papel_extendido, id_proveedor_papel, nombre, gramaje, kilogramos, alto, ancho, descripcion, precio, id_tipo_precio, activo) VALUES (182,2,'Couché Mate',115,63,61,90,' ',1986,4,true);
INSERT INTO tipo_papel_extendido (id_tipo_papel_extendido, id_proveedor_papel, nombre, gramaje, kilogramos, alto, ancho, descripcion, precio, id_tipo_precio, activo) VALUES (183,2,'Couché Mate',115,76.5,70,95,' ',2404,4,true);
INSERT INTO tipo_papel_extendido (id_tipo_papel_extendido, id_proveedor_papel, nombre, gramaje, kilogramos, alto, ancho, descripcion, precio, id_tipo_precio, activo) VALUES (184,2,'Couché Mate',115,84.5,72,102,' ',2656,4,true);
INSERT INTO tipo_papel_extendido (id_tipo_papel_extendido, id_proveedor_papel, nombre, gramaje, kilogramos, alto, ancho, descripcion, precio, id_tipo_precio, activo) VALUES (185,2,'Couché Mate',130,64.5,57,87,' ',2025,4,true);
INSERT INTO tipo_papel_extendido (id_tipo_papel_extendido, id_proveedor_papel, nombre, gramaje, kilogramos, alto, ancho, descripcion, precio, id_tipo_precio, activo) VALUES (186,2,'Couché Mate',130,71.4,61,90,' ',2245,4,true);
INSERT INTO tipo_papel_extendido (id_tipo_papel_extendido, id_proveedor_papel, nombre, gramaje, kilogramos, alto, ancho, descripcion, precio, id_tipo_precio, activo) VALUES (187,2,'Couché Mate',130,86.5,70,95,' ',2718,4,true);
INSERT INTO tipo_papel_extendido (id_tipo_papel_extendido, id_proveedor_papel, nombre, gramaje, kilogramos, alto, ancho, descripcion, precio, id_tipo_precio, activo) VALUES (188,2,'Couché Mate',130,95.5,72,102,' ',3004,4,true);
INSERT INTO tipo_papel_extendido (id_tipo_papel_extendido, id_proveedor_papel, nombre, gramaje, kilogramos, alto, ancho, descripcion, precio, id_tipo_precio, activo) VALUES (189,2,'Couché Mate',150,76.5,58,88,' ',2406,4,true);
INSERT INTO tipo_papel_extendido (id_tipo_papel_extendido, id_proveedor_papel, nombre, gramaje, kilogramos, alto, ancho, descripcion, precio, id_tipo_precio, activo) VALUES (190,2,'Couché Mate',150,82.5,61,90,' ',2589,4,true);
INSERT INTO tipo_papel_extendido (id_tipo_papel_extendido, id_proveedor_papel, nombre, gramaje, kilogramos, alto, ancho, descripcion, precio, id_tipo_precio, activo) VALUES (191,2,'Couché Mate',150,100,70,95,' ',3137,4,true);
INSERT INTO tipo_papel_extendido (id_tipo_papel_extendido, id_proveedor_papel, nombre, gramaje, kilogramos, alto, ancho, descripcion, precio, id_tipo_precio, activo) VALUES (192,2,'Couché Mate',150,110,72,102,' ',3464,4,true);
INSERT INTO tipo_papel_extendido (id_tipo_papel_extendido, id_proveedor_papel, nombre, gramaje, kilogramos, alto, ancho, descripcion, precio, id_tipo_precio, activo) VALUES (193,2,'Couché Mate',200,102,58,88,' ',3209,4,true);
INSERT INTO tipo_papel_extendido (id_tipo_papel_extendido, id_proveedor_papel, nombre, gramaje, kilogramos, alto, ancho, descripcion, precio, id_tipo_precio, activo) VALUES (194,2,'Couché Mate',200,110,61,90,' ',3452,4,true);
INSERT INTO tipo_papel_extendido (id_tipo_papel_extendido, id_proveedor_papel, nombre, gramaje, kilogramos, alto, ancho, descripcion, precio, id_tipo_precio, activo) VALUES (195,2,'Couché Mate',200,133,70,95,' ',4183,4,true);
INSERT INTO tipo_papel_extendido (id_tipo_papel_extendido, id_proveedor_papel, nombre, gramaje, kilogramos, alto, ancho, descripcion, precio, id_tipo_precio, activo) VALUES (196,2,'Couché Mate',200,147,72,102,' ',4619,4,true);
INSERT INTO tipo_papel_extendido (id_tipo_papel_extendido, id_proveedor_papel, nombre, gramaje, kilogramos, alto, ancho, descripcion, precio, id_tipo_precio, activo) VALUES (197,2,'Couché Mate',250,130,58,88,' ',4096,4,true);
INSERT INTO tipo_papel_extendido (id_tipo_papel_extendido, id_proveedor_papel, nombre, gramaje, kilogramos, alto, ancho, descripcion, precio, id_tipo_precio, activo) VALUES (198,2,'Couché Mate',250,140,61,90,' ',4405,4,true);
INSERT INTO tipo_papel_extendido (id_tipo_papel_extendido, id_proveedor_papel, nombre, gramaje, kilogramos, alto, ancho, descripcion, precio, id_tipo_precio, activo) VALUES (199,2,'Couché Mate',250,169.5,70,95,' ',5336,4,true);
INSERT INTO tipo_papel_extendido (id_tipo_papel_extendido, id_proveedor_papel, nombre, gramaje, kilogramos, alto, ancho, descripcion, precio, id_tipo_precio, activo) VALUES (200,2,'Couché Mate',250,184,72,102,' ',5893,4,true);
INSERT INTO tipo_papel_extendido (id_tipo_papel_extendido, id_proveedor_papel, nombre, gramaje, kilogramos, alto, ancho, descripcion, precio, id_tipo_precio, activo) VALUES (201,2,'Couché Mate',300,153,58,88,' ',4915,4,true);
INSERT INTO tipo_papel_extendido (id_tipo_papel_extendido, id_proveedor_papel, nombre, gramaje, kilogramos, alto, ancho, descripcion, precio, id_tipo_precio, activo) VALUES (202,2,'Couché Mate',300,165,61,90,' ',5287,4,true);
INSERT INTO tipo_papel_extendido (id_tipo_papel_extendido, id_proveedor_papel, nombre, gramaje, kilogramos, alto, ancho, descripcion, precio, id_tipo_precio, activo) VALUES (203,2,'Couché Mate',300,199,70,95,' ',6406,4,true);
INSERT INTO tipo_papel_extendido (id_tipo_papel_extendido, id_proveedor_papel, nombre, gramaje, kilogramos, alto, ancho, descripcion, precio, id_tipo_precio, activo) VALUES (204,2,'Sulfadata 1/cara',12,0,58,88,' ',6521,4,true);
INSERT INTO tipo_papel_extendido (id_tipo_papel_extendido, id_proveedor_papel, nombre, gramaje, kilogramos, alto, ancho, descripcion, precio, id_tipo_precio, activo) VALUES (205,2,'Sulfadata 1/cara',12,0,61,90,' ',7015,4,true);
INSERT INTO tipo_papel_extendido (id_tipo_papel_extendido, id_proveedor_papel, nombre, gramaje, kilogramos, alto, ancho, descripcion, precio, id_tipo_precio, activo) VALUES (206,2,'Sulfadata 1/cara',12,0,71,95,' ',8618,4,true);
INSERT INTO tipo_papel_extendido (id_tipo_papel_extendido, id_proveedor_papel, nombre, gramaje, kilogramos, alto, ancho, descripcion, precio, id_tipo_precio, activo) VALUES (207,2,'Sulfadata 1/cara',12,0,71,125,' ',11338,4,true);
INSERT INTO tipo_papel_extendido (id_tipo_papel_extendido, id_proveedor_papel, nombre, gramaje, kilogramos, alto, ancho, descripcion, precio, id_tipo_precio, activo) VALUES (208,2,'Sulfadata 1/cara',12,0,90,125,' ',14371,4,true);
INSERT INTO tipo_papel_extendido (id_tipo_papel_extendido, id_proveedor_papel, nombre, gramaje, kilogramos, alto, ancho, descripcion, precio, id_tipo_precio, activo) VALUES (209,2,'Sulfadata 1/cara',13.6,0,58,88,' ',7209,4,true);
INSERT INTO tipo_papel_extendido (id_tipo_papel_extendido, id_proveedor_papel, nombre, gramaje, kilogramos, alto, ancho, descripcion, precio, id_tipo_precio, activo) VALUES (210,2,'Sulfadata 1/cara',13.6,0,61,90,' ',7757,4,true);
INSERT INTO tipo_papel_extendido (id_tipo_papel_extendido, id_proveedor_papel, nombre, gramaje, kilogramos, alto, ancho, descripcion, precio, id_tipo_precio, activo) VALUES (211,2,'Sulfadata 1/cara',13.6,0,71,95,' ',9531,4,true);
INSERT INTO tipo_papel_extendido (id_tipo_papel_extendido, id_proveedor_papel, nombre, gramaje, kilogramos, alto, ancho, descripcion, precio, id_tipo_precio, activo) VALUES (212,2,'Sulfadata 1/cara',13.6,0,71,125,' ',12537,4,true);
INSERT INTO tipo_papel_extendido (id_tipo_papel_extendido, id_proveedor_papel, nombre, gramaje, kilogramos, alto, ancho, descripcion, precio, id_tipo_precio, activo) VALUES (213,2,'Sulfadata 1/cara',13.6,0,90,125,' ',15895,4,true);
INSERT INTO tipo_papel_extendido (id_tipo_papel_extendido, id_proveedor_papel, nombre, gramaje, kilogramos, alto, ancho, descripcion, precio, id_tipo_precio, activo) VALUES (214,2,'Sulfadata 1/cara',16,0,58,88,' ',8348,4,true);
INSERT INTO tipo_papel_extendido (id_tipo_papel_extendido, id_proveedor_papel, nombre, gramaje, kilogramos, alto, ancho, descripcion, precio, id_tipo_precio, activo) VALUES (215,2,'Sulfadata 1/cara',16,0,61,90,' ',8979,4,true);
INSERT INTO tipo_papel_extendido (id_tipo_papel_extendido, id_proveedor_papel, nombre, gramaje, kilogramos, alto, ancho, descripcion, precio, id_tipo_precio, activo) VALUES (216,2,'Sulfadata 1/cara',16,0,71,95,' ',11032,4,true);
INSERT INTO tipo_papel_extendido (id_tipo_papel_extendido, id_proveedor_papel, nombre, gramaje, kilogramos, alto, ancho, descripcion, precio, id_tipo_precio, activo) VALUES (217,2,'Sulfadata 1/cara',16,0,71,125,' ',14515,4,true);
INSERT INTO tipo_papel_extendido (id_tipo_papel_extendido, id_proveedor_papel, nombre, gramaje, kilogramos, alto, ancho, descripcion, precio, id_tipo_precio, activo) VALUES (218,2,'Sulfadata 1/cara',16,0,90,125,' ',18399,4,true);
INSERT INTO tipo_papel_extendido (id_tipo_papel_extendido, id_proveedor_papel, nombre, gramaje, kilogramos, alto, ancho, descripcion, precio, id_tipo_precio, activo) VALUES (219,2,'Sulfadata 2/cara',12,0,58,88,' ',7055,4,true);
INSERT INTO tipo_papel_extendido (id_tipo_papel_extendido, id_proveedor_papel, nombre, gramaje, kilogramos, alto, ancho, descripcion, precio, id_tipo_precio, activo) VALUES (220,2,'Sulfadata 2/cara',12,0,61,90,' ',7551,4,true);
INSERT INTO tipo_papel_extendido (id_tipo_papel_extendido, id_proveedor_papel, nombre, gramaje, kilogramos, alto, ancho, descripcion, precio, id_tipo_precio, activo) VALUES (221,2,'Sulfadata 2/cara',12,0,71,95,' ',9294,4,true);
INSERT INTO tipo_papel_extendido (id_tipo_papel_extendido, id_proveedor_papel, nombre, gramaje, kilogramos, alto, ancho, descripcion, precio, id_tipo_precio, activo) VALUES (222,2,'Sulfadata 2/cara',12,0,71,125,' ',12230,4,true);
INSERT INTO tipo_papel_extendido (id_tipo_papel_extendido, id_proveedor_papel, nombre, gramaje, kilogramos, alto, ancho, descripcion, precio, id_tipo_precio, activo) VALUES (223,2,'Sulfadata 2/cara',12,0,90,125,' ',15502,4,true);
INSERT INTO tipo_papel_extendido (id_tipo_papel_extendido, id_proveedor_papel, nombre, gramaje, kilogramos, alto, ancho, descripcion, precio, id_tipo_precio, activo) VALUES (224,2,'Sulfadata 2/cara',14,0,58,88,' ',7881,4,true);
INSERT INTO tipo_papel_extendido (id_tipo_papel_extendido, id_proveedor_papel, nombre, gramaje, kilogramos, alto, ancho, descripcion, precio, id_tipo_precio, activo) VALUES (225,2,'Sulfadata 2/cara',14,0,61,90,' ',8488,4,true);
INSERT INTO tipo_papel_extendido (id_tipo_papel_extendido, id_proveedor_papel, nombre, gramaje, kilogramos, alto, ancho, descripcion, precio, id_tipo_precio, activo) VALUES (226,2,'Sulfadata 2/cara',14,0,71,95,' ',10410,4,true);
INSERT INTO tipo_papel_extendido (id_tipo_papel_extendido, id_proveedor_papel, nombre, gramaje, kilogramos, alto, ancho, descripcion, precio, id_tipo_precio, activo) VALUES (227,2,'Sulfadata 2/cara',14,0,71,125,' ',13697,4,true);
INSERT INTO tipo_papel_extendido (id_tipo_papel_extendido, id_proveedor_papel, nombre, gramaje, kilogramos, alto, ancho, descripcion, precio, id_tipo_precio, activo) VALUES (228,2,'Sulfadata 2/cara',14,0,90,125,' ',17363,4,true);
INSERT INTO tipo_papel_extendido (id_tipo_papel_extendido, id_proveedor_papel, nombre, gramaje, kilogramos, alto, ancho, descripcion, precio, id_tipo_precio, activo) VALUES (229,2,'Sulfadata 2/cara',16,0,58,88,' ',8985,4,true);
INSERT INTO tipo_papel_extendido (id_tipo_papel_extendido, id_proveedor_papel, nombre, gramaje, kilogramos, alto, ancho, descripcion, precio, id_tipo_precio, activo) VALUES (230,2,'Sulfadata 2/cara',16,0,61,90,' ',9701,4,true);
INSERT INTO tipo_papel_extendido (id_tipo_papel_extendido, id_proveedor_papel, nombre, gramaje, kilogramos, alto, ancho, descripcion, precio, id_tipo_precio, activo) VALUES (231,2,'Sulfadata 2/cara',16,0,71,95,' ',11898,4,true);
INSERT INTO tipo_papel_extendido (id_tipo_papel_extendido, id_proveedor_papel, nombre, gramaje, kilogramos, alto, ancho, descripcion, precio, id_tipo_precio, activo) VALUES (232,2,'Sulfadata 2/cara',16,0,71,125,' ',15654,4,true);
INSERT INTO tipo_papel_extendido (id_tipo_papel_extendido, id_proveedor_papel, nombre, gramaje, kilogramos, alto, ancho, descripcion, precio, id_tipo_precio, activo) VALUES (233,2,'Sulfadata 2/cara',16,0,90,125,' ',19844,4,true);
INSERT INTO tipo_papel_extendido (id_tipo_papel_extendido, id_proveedor_papel, nombre, gramaje, kilogramos, alto, ancho, descripcion, precio, id_tipo_precio, activo) VALUES (234,2,'Opalina Firenze Extra blanca',125,62,57,87,' ',4303,4,true);
INSERT INTO tipo_papel_extendido (id_tipo_papel_extendido, id_proveedor_papel, nombre, gramaje, kilogramos, alto, ancho, descripcion, precio, id_tipo_precio, activo) VALUES (235,2,'Opalina Firenze Extra blanca',125,83,70,95,' ',5761,4,true);
INSERT INTO tipo_papel_extendido (id_tipo_papel_extendido, id_proveedor_papel, nombre, gramaje, kilogramos, alto, ancho, descripcion, precio, id_tipo_precio, activo) VALUES (236,2,'Opalina Firenze Extra blanca',225,92,57,72,' ',6383,4,true);
INSERT INTO tipo_papel_extendido (id_tipo_papel_extendido, id_proveedor_papel, nombre, gramaje, kilogramos, alto, ancho, descripcion, precio, id_tipo_precio, activo) VALUES (237,2,'Opalina Firenze Extra blanca',225,112,57,87,' ',7772,4,true);




INSERT INTO tipo_placa (id_tipo_placa, id_maquina, descripcion, precio, id_tipo_precio, activo) VALUES (1,1,'Placa CTP',280,2,true);
INSERT INTO tipo_placa (id_tipo_placa, id_maquina, descripcion, precio, id_tipo_precio, activo) VALUES (2,1,'Lámina presensibilizada',140,2,true);
INSERT INTO tipo_placa (id_tipo_placa, id_maquina, descripcion, precio, id_tipo_precio, activo) VALUES (3,2,'Placa CTP',280,2,true);
INSERT INTO tipo_placa (id_tipo_placa, id_maquina, descripcion, precio, id_tipo_precio, activo) VALUES (4,2,'Lámina presensibilizada',140,2,true);
INSERT INTO tipo_placa (id_tipo_placa, id_maquina, descripcion, precio, id_tipo_precio, activo) VALUES (5,3,'Placa CTP',280,2,true);
INSERT INTO tipo_placa (id_tipo_placa, id_maquina, descripcion, precio, id_tipo_precio, activo) VALUES (6,3,'Lámina presensibilizada',140,2,true);




INSERT INTO tipo_trabajo (id_tipo_trabajo, nombre, activo) VALUES (1,'Flyer/Póster',true);
INSERT INTO tipo_trabajo (id_tipo_trabajo, nombre, activo) VALUES (2,'Publicación/Revista/Libro',true);
INSERT INTO tipo_trabajo (id_tipo_trabajo, nombre, activo) VALUES (3,'Otro',true);




INSERT INTO tipo_vuelta (id_tipo_vuelta, nombre, descripcion, activo) VALUES (1,'No aplica','no aplica, láminas diferentes',true);
INSERT INTO tipo_vuelta (id_tipo_vuelta, nombre, descripcion, activo) VALUES (2,'Normal','eje de simetría es vertical, a lo alto',true);
INSERT INTO tipo_vuelta (id_tipo_vuelta, nombre, descripcion, activo) VALUES (3,'Campana','eje de simetría es horizontal, a lo ancho',true);




INSERT INTO turno_laboral (id_turno_laboral, descripcion, hora_inicio, hora_fin, activo) VALUES (1,'Matutino','06:00','14:00',true);
INSERT INTO turno_laboral (id_turno_laboral, descripcion, hora_inicio, hora_fin, activo) VALUES (2,'Vespertino','14:00','22:00',true);
INSERT INTO turno_laboral (id_turno_laboral, descripcion, hora_inicio, hora_fin, activo) VALUES (3,'Nocturno','22:00','06:00',true);




INSERT INTO parametros_config (id_parametros_config, nombre, descripcion, filler_varchar_1, filler_varchar_2, filler_int_1, filler_int_2, filler_numeric_1, filler_numeric_2, filler_bool_1, filler_bool_2, id_tipo_precio, activo) VALUES (1,'Qwerty','Ejemplo de qwerty',' ',' ',16,0,0,0,false,false,1,true);




INSERT INTO papel_sobrante (id_papel_sobrante, inicio_tabulador, fin_tabulador, frente_num_tinta, vuelta_num_tinta, tinta_especial, hojas_sobrante, activo) VALUES (1,0,1000,1,0,false,100,true);
INSERT INTO papel_sobrante (id_papel_sobrante, inicio_tabulador, fin_tabulador, frente_num_tinta, vuelta_num_tinta, tinta_especial, hojas_sobrante, activo) VALUES (2,0,1000,1,1,false,150,true);
INSERT INTO papel_sobrante (id_papel_sobrante, inicio_tabulador, fin_tabulador, frente_num_tinta, vuelta_num_tinta, tinta_especial, hojas_sobrante, activo) VALUES (3,0,1000,4,0,false,200,true);
INSERT INTO papel_sobrante (id_papel_sobrante, inicio_tabulador, fin_tabulador, frente_num_tinta, vuelta_num_tinta, tinta_especial, hojas_sobrante, activo) VALUES (4,0,1000,4,4,false,250,true);
INSERT INTO papel_sobrante (id_papel_sobrante, inicio_tabulador, fin_tabulador, frente_num_tinta, vuelta_num_tinta, tinta_especial, hojas_sobrante, activo) VALUES (5,0,1000,1,0,true,200,true);
INSERT INTO papel_sobrante (id_papel_sobrante, inicio_tabulador, fin_tabulador, frente_num_tinta, vuelta_num_tinta, tinta_especial, hojas_sobrante, activo) VALUES (6,0,1000,1,1,true,300,true);
INSERT INTO papel_sobrante (id_papel_sobrante, inicio_tabulador, fin_tabulador, frente_num_tinta, vuelta_num_tinta, tinta_especial, hojas_sobrante, activo) VALUES (7,0,1000,4,0,true,400,true);
INSERT INTO papel_sobrante (id_papel_sobrante, inicio_tabulador, fin_tabulador, frente_num_tinta, vuelta_num_tinta, tinta_especial, hojas_sobrante, activo) VALUES (8,0,1000,4,4,true,500,true);
INSERT INTO papel_sobrante (id_papel_sobrante, inicio_tabulador, fin_tabulador, frente_num_tinta, vuelta_num_tinta, tinta_especial, hojas_sobrante, activo) VALUES (9,1001,2000,1,0,false,100,true);
INSERT INTO papel_sobrante (id_papel_sobrante, inicio_tabulador, fin_tabulador, frente_num_tinta, vuelta_num_tinta, tinta_especial, hojas_sobrante, activo) VALUES (10,1001,2000,1,1,false,150,true);
INSERT INTO papel_sobrante (id_papel_sobrante, inicio_tabulador, fin_tabulador, frente_num_tinta, vuelta_num_tinta, tinta_especial, hojas_sobrante, activo) VALUES (11,1001,2000,4,0,false,200,true);
INSERT INTO papel_sobrante (id_papel_sobrante, inicio_tabulador, fin_tabulador, frente_num_tinta, vuelta_num_tinta, tinta_especial, hojas_sobrante, activo) VALUES (12,1001,2000,4,4,false,250,true);
INSERT INTO papel_sobrante (id_papel_sobrante, inicio_tabulador, fin_tabulador, frente_num_tinta, vuelta_num_tinta, tinta_especial, hojas_sobrante, activo) VALUES (13,1001,2000,1,0,true,200,true);
INSERT INTO papel_sobrante (id_papel_sobrante, inicio_tabulador, fin_tabulador, frente_num_tinta, vuelta_num_tinta, tinta_especial, hojas_sobrante, activo) VALUES (14,1001,2000,1,1,true,300,true);
INSERT INTO papel_sobrante (id_papel_sobrante, inicio_tabulador, fin_tabulador, frente_num_tinta, vuelta_num_tinta, tinta_especial, hojas_sobrante, activo) VALUES (15,1001,2000,4,0,true,400,true);
INSERT INTO papel_sobrante (id_papel_sobrante, inicio_tabulador, fin_tabulador, frente_num_tinta, vuelta_num_tinta, tinta_especial, hojas_sobrante, activo) VALUES (16,1001,2000,4,4,true,500,true);
INSERT INTO papel_sobrante (id_papel_sobrante, inicio_tabulador, fin_tabulador, frente_num_tinta, vuelta_num_tinta, tinta_especial, hojas_sobrante, activo) VALUES (17,2001,3000,1,0,false,100,true);
INSERT INTO papel_sobrante (id_papel_sobrante, inicio_tabulador, fin_tabulador, frente_num_tinta, vuelta_num_tinta, tinta_especial, hojas_sobrante, activo) VALUES (18,2001,3000,1,1,false,150,true);
INSERT INTO papel_sobrante (id_papel_sobrante, inicio_tabulador, fin_tabulador, frente_num_tinta, vuelta_num_tinta, tinta_especial, hojas_sobrante, activo) VALUES (19,2001,3000,4,0,false,200,true);
INSERT INTO papel_sobrante (id_papel_sobrante, inicio_tabulador, fin_tabulador, frente_num_tinta, vuelta_num_tinta, tinta_especial, hojas_sobrante, activo) VALUES (20,2001,3000,4,4,false,300,true);
INSERT INTO papel_sobrante (id_papel_sobrante, inicio_tabulador, fin_tabulador, frente_num_tinta, vuelta_num_tinta, tinta_especial, hojas_sobrante, activo) VALUES (21,2001,3000,1,0,true,200,true);
INSERT INTO papel_sobrante (id_papel_sobrante, inicio_tabulador, fin_tabulador, frente_num_tinta, vuelta_num_tinta, tinta_especial, hojas_sobrante, activo) VALUES (22,2001,3000,1,1,true,300,true);
INSERT INTO papel_sobrante (id_papel_sobrante, inicio_tabulador, fin_tabulador, frente_num_tinta, vuelta_num_tinta, tinta_especial, hojas_sobrante, activo) VALUES (23,2001,3000,4,0,true,400,true);
INSERT INTO papel_sobrante (id_papel_sobrante, inicio_tabulador, fin_tabulador, frente_num_tinta, vuelta_num_tinta, tinta_especial, hojas_sobrante, activo) VALUES (24,2001,3000,4,4,true,500,true);
INSERT INTO papel_sobrante (id_papel_sobrante, inicio_tabulador, fin_tabulador, frente_num_tinta, vuelta_num_tinta, tinta_especial, hojas_sobrante, activo) VALUES (25,3001,4000,1,0,false,100,true);
INSERT INTO papel_sobrante (id_papel_sobrante, inicio_tabulador, fin_tabulador, frente_num_tinta, vuelta_num_tinta, tinta_especial, hojas_sobrante, activo) VALUES (26,3001,4000,1,1,false,150,true);
INSERT INTO papel_sobrante (id_papel_sobrante, inicio_tabulador, fin_tabulador, frente_num_tinta, vuelta_num_tinta, tinta_especial, hojas_sobrante, activo) VALUES (27,3001,4000,4,0,false,300,true);
INSERT INTO papel_sobrante (id_papel_sobrante, inicio_tabulador, fin_tabulador, frente_num_tinta, vuelta_num_tinta, tinta_especial, hojas_sobrante, activo) VALUES (28,3001,4000,4,4,false,350,true);
INSERT INTO papel_sobrante (id_papel_sobrante, inicio_tabulador, fin_tabulador, frente_num_tinta, vuelta_num_tinta, tinta_especial, hojas_sobrante, activo) VALUES (29,3001,4000,1,0,true,200,true);
INSERT INTO papel_sobrante (id_papel_sobrante, inicio_tabulador, fin_tabulador, frente_num_tinta, vuelta_num_tinta, tinta_especial, hojas_sobrante, activo) VALUES (30,3001,4000,1,1,true,300,true);
INSERT INTO papel_sobrante (id_papel_sobrante, inicio_tabulador, fin_tabulador, frente_num_tinta, vuelta_num_tinta, tinta_especial, hojas_sobrante, activo) VALUES (31,3001,4000,4,0,true,450,true);
INSERT INTO papel_sobrante (id_papel_sobrante, inicio_tabulador, fin_tabulador, frente_num_tinta, vuelta_num_tinta, tinta_especial, hojas_sobrante, activo) VALUES (32,3001,4000,4,4,true,600,true);
INSERT INTO papel_sobrante (id_papel_sobrante, inicio_tabulador, fin_tabulador, frente_num_tinta, vuelta_num_tinta, tinta_especial, hojas_sobrante, activo) VALUES (33,4001,5000,1,0,false,150,true);
INSERT INTO papel_sobrante (id_papel_sobrante, inicio_tabulador, fin_tabulador, frente_num_tinta, vuelta_num_tinta, tinta_especial, hojas_sobrante, activo) VALUES (34,4001,5000,1,1,false,200,true);
INSERT INTO papel_sobrante (id_papel_sobrante, inicio_tabulador, fin_tabulador, frente_num_tinta, vuelta_num_tinta, tinta_especial, hojas_sobrante, activo) VALUES (35,4001,5000,4,0,false,300,true);
INSERT INTO papel_sobrante (id_papel_sobrante, inicio_tabulador, fin_tabulador, frente_num_tinta, vuelta_num_tinta, tinta_especial, hojas_sobrante, activo) VALUES (36,4001,5000,4,4,false,400,true);
INSERT INTO papel_sobrante (id_papel_sobrante, inicio_tabulador, fin_tabulador, frente_num_tinta, vuelta_num_tinta, tinta_especial, hojas_sobrante, activo) VALUES (37,4001,5000,1,0,true,200,true);
INSERT INTO papel_sobrante (id_papel_sobrante, inicio_tabulador, fin_tabulador, frente_num_tinta, vuelta_num_tinta, tinta_especial, hojas_sobrante, activo) VALUES (38,4001,5000,1,1,true,350,true);
INSERT INTO papel_sobrante (id_papel_sobrante, inicio_tabulador, fin_tabulador, frente_num_tinta, vuelta_num_tinta, tinta_especial, hojas_sobrante, activo) VALUES (39,4001,5000,4,0,true,450,true);
INSERT INTO papel_sobrante (id_papel_sobrante, inicio_tabulador, fin_tabulador, frente_num_tinta, vuelta_num_tinta, tinta_especial, hojas_sobrante, activo) VALUES (40,4001,5000,4,4,true,600,true);
INSERT INTO papel_sobrante (id_papel_sobrante, inicio_tabulador, fin_tabulador, frente_num_tinta, vuelta_num_tinta, tinta_especial, hojas_sobrante, activo) VALUES (41,5001,6000,1,0,false,150,true);
INSERT INTO papel_sobrante (id_papel_sobrante, inicio_tabulador, fin_tabulador, frente_num_tinta, vuelta_num_tinta, tinta_especial, hojas_sobrante, activo) VALUES (42,5001,6000,1,1,false,200,true);
INSERT INTO papel_sobrante (id_papel_sobrante, inicio_tabulador, fin_tabulador, frente_num_tinta, vuelta_num_tinta, tinta_especial, hojas_sobrante, activo) VALUES (43,5001,6000,4,0,false,300,true);
INSERT INTO papel_sobrante (id_papel_sobrante, inicio_tabulador, fin_tabulador, frente_num_tinta, vuelta_num_tinta, tinta_especial, hojas_sobrante, activo) VALUES (44,5001,6000,4,4,false,400,true);
INSERT INTO papel_sobrante (id_papel_sobrante, inicio_tabulador, fin_tabulador, frente_num_tinta, vuelta_num_tinta, tinta_especial, hojas_sobrante, activo) VALUES (45,5001,6000,1,0,true,200,true);
INSERT INTO papel_sobrante (id_papel_sobrante, inicio_tabulador, fin_tabulador, frente_num_tinta, vuelta_num_tinta, tinta_especial, hojas_sobrante, activo) VALUES (46,5001,6000,1,1,true,350,true);
INSERT INTO papel_sobrante (id_papel_sobrante, inicio_tabulador, fin_tabulador, frente_num_tinta, vuelta_num_tinta, tinta_especial, hojas_sobrante, activo) VALUES (47,5001,6000,4,0,true,500,true);
INSERT INTO papel_sobrante (id_papel_sobrante, inicio_tabulador, fin_tabulador, frente_num_tinta, vuelta_num_tinta, tinta_especial, hojas_sobrante, activo) VALUES (48,5001,6000,4,4,true,700,true);
INSERT INTO papel_sobrante (id_papel_sobrante, inicio_tabulador, fin_tabulador, frente_num_tinta, vuelta_num_tinta, tinta_especial, hojas_sobrante, activo) VALUES (49,6001,7000,1,0,false,150,true);
INSERT INTO papel_sobrante (id_papel_sobrante, inicio_tabulador, fin_tabulador, frente_num_tinta, vuelta_num_tinta, tinta_especial, hojas_sobrante, activo) VALUES (50,6001,7000,1,1,false,200,true);
INSERT INTO papel_sobrante (id_papel_sobrante, inicio_tabulador, fin_tabulador, frente_num_tinta, vuelta_num_tinta, tinta_especial, hojas_sobrante, activo) VALUES (51,6001,7000,4,0,false,350,true);
INSERT INTO papel_sobrante (id_papel_sobrante, inicio_tabulador, fin_tabulador, frente_num_tinta, vuelta_num_tinta, tinta_especial, hojas_sobrante, activo) VALUES (52,6001,7000,4,4,false,400,true);
INSERT INTO papel_sobrante (id_papel_sobrante, inicio_tabulador, fin_tabulador, frente_num_tinta, vuelta_num_tinta, tinta_especial, hojas_sobrante, activo) VALUES (53,6001,7000,1,0,true,200,true);
INSERT INTO papel_sobrante (id_papel_sobrante, inicio_tabulador, fin_tabulador, frente_num_tinta, vuelta_num_tinta, tinta_especial, hojas_sobrante, activo) VALUES (54,6001,7000,1,1,true,350,true);
INSERT INTO papel_sobrante (id_papel_sobrante, inicio_tabulador, fin_tabulador, frente_num_tinta, vuelta_num_tinta, tinta_especial, hojas_sobrante, activo) VALUES (55,6001,7000,4,0,true,500,true);
INSERT INTO papel_sobrante (id_papel_sobrante, inicio_tabulador, fin_tabulador, frente_num_tinta, vuelta_num_tinta, tinta_especial, hojas_sobrante, activo) VALUES (56,6001,7000,4,4,true,700,true);
INSERT INTO papel_sobrante (id_papel_sobrante, inicio_tabulador, fin_tabulador, frente_num_tinta, vuelta_num_tinta, tinta_especial, hojas_sobrante, activo) VALUES (57,7001,8000,1,0,false,150,true);
INSERT INTO papel_sobrante (id_papel_sobrante, inicio_tabulador, fin_tabulador, frente_num_tinta, vuelta_num_tinta, tinta_especial, hojas_sobrante, activo) VALUES (58,7001,8000,1,1,false,200,true);
INSERT INTO papel_sobrante (id_papel_sobrante, inicio_tabulador, fin_tabulador, frente_num_tinta, vuelta_num_tinta, tinta_especial, hojas_sobrante, activo) VALUES (59,7001,8000,4,0,false,350,true);
INSERT INTO papel_sobrante (id_papel_sobrante, inicio_tabulador, fin_tabulador, frente_num_tinta, vuelta_num_tinta, tinta_especial, hojas_sobrante, activo) VALUES (60,7001,8000,4,4,false,500,true);
INSERT INTO papel_sobrante (id_papel_sobrante, inicio_tabulador, fin_tabulador, frente_num_tinta, vuelta_num_tinta, tinta_especial, hojas_sobrante, activo) VALUES (61,7001,8000,1,0,true,200,true);
INSERT INTO papel_sobrante (id_papel_sobrante, inicio_tabulador, fin_tabulador, frente_num_tinta, vuelta_num_tinta, tinta_especial, hojas_sobrante, activo) VALUES (62,7001,8000,1,1,true,400,true);
INSERT INTO papel_sobrante (id_papel_sobrante, inicio_tabulador, fin_tabulador, frente_num_tinta, vuelta_num_tinta, tinta_especial, hojas_sobrante, activo) VALUES (63,7001,8000,4,0,true,500,true);
INSERT INTO papel_sobrante (id_papel_sobrante, inicio_tabulador, fin_tabulador, frente_num_tinta, vuelta_num_tinta, tinta_especial, hojas_sobrante, activo) VALUES (64,7001,8000,4,4,true,800,true);
INSERT INTO papel_sobrante (id_papel_sobrante, inicio_tabulador, fin_tabulador, frente_num_tinta, vuelta_num_tinta, tinta_especial, hojas_sobrante, activo) VALUES (65,8001,9000,1,0,false,150,true);
INSERT INTO papel_sobrante (id_papel_sobrante, inicio_tabulador, fin_tabulador, frente_num_tinta, vuelta_num_tinta, tinta_especial, hojas_sobrante, activo) VALUES (66,8001,9000,1,1,false,200,true);
INSERT INTO papel_sobrante (id_papel_sobrante, inicio_tabulador, fin_tabulador, frente_num_tinta, vuelta_num_tinta, tinta_especial, hojas_sobrante, activo) VALUES (67,8001,9000,4,0,false,350,true);
INSERT INTO papel_sobrante (id_papel_sobrante, inicio_tabulador, fin_tabulador, frente_num_tinta, vuelta_num_tinta, tinta_especial, hojas_sobrante, activo) VALUES (68,8001,9000,4,4,false,500,true);
INSERT INTO papel_sobrante (id_papel_sobrante, inicio_tabulador, fin_tabulador, frente_num_tinta, vuelta_num_tinta, tinta_especial, hojas_sobrante, activo) VALUES (69,8001,9000,1,0,true,200,true);
INSERT INTO papel_sobrante (id_papel_sobrante, inicio_tabulador, fin_tabulador, frente_num_tinta, vuelta_num_tinta, tinta_especial, hojas_sobrante, activo) VALUES (70,8001,9000,1,1,true,400,true);
INSERT INTO papel_sobrante (id_papel_sobrante, inicio_tabulador, fin_tabulador, frente_num_tinta, vuelta_num_tinta, tinta_especial, hojas_sobrante, activo) VALUES (71,8001,9000,4,0,true,500,true);
INSERT INTO papel_sobrante (id_papel_sobrante, inicio_tabulador, fin_tabulador, frente_num_tinta, vuelta_num_tinta, tinta_especial, hojas_sobrante, activo) VALUES (72,8001,9000,4,4,true,800,true);
INSERT INTO papel_sobrante (id_papel_sobrante, inicio_tabulador, fin_tabulador, frente_num_tinta, vuelta_num_tinta, tinta_especial, hojas_sobrante, activo) VALUES (73,9001,10000,1,0,false,200,true);
INSERT INTO papel_sobrante (id_papel_sobrante, inicio_tabulador, fin_tabulador, frente_num_tinta, vuelta_num_tinta, tinta_especial, hojas_sobrante, activo) VALUES (74,9001,10000,1,1,false,300,true);
INSERT INTO papel_sobrante (id_papel_sobrante, inicio_tabulador, fin_tabulador, frente_num_tinta, vuelta_num_tinta, tinta_especial, hojas_sobrante, activo) VALUES (75,9001,10000,4,0,false,400,true);
INSERT INTO papel_sobrante (id_papel_sobrante, inicio_tabulador, fin_tabulador, frente_num_tinta, vuelta_num_tinta, tinta_especial, hojas_sobrante, activo) VALUES (76,9001,10000,4,4,false,500,true);
INSERT INTO papel_sobrante (id_papel_sobrante, inicio_tabulador, fin_tabulador, frente_num_tinta, vuelta_num_tinta, tinta_especial, hojas_sobrante, activo) VALUES (77,9001,10000,1,0,true,300,true);
INSERT INTO papel_sobrante (id_papel_sobrante, inicio_tabulador, fin_tabulador, frente_num_tinta, vuelta_num_tinta, tinta_especial, hojas_sobrante, activo) VALUES (78,9001,10000,1,1,true,400,true);
INSERT INTO papel_sobrante (id_papel_sobrante, inicio_tabulador, fin_tabulador, frente_num_tinta, vuelta_num_tinta, tinta_especial, hojas_sobrante, activo) VALUES (79,9001,10000,4,0,true,700,true);
INSERT INTO papel_sobrante (id_papel_sobrante, inicio_tabulador, fin_tabulador, frente_num_tinta, vuelta_num_tinta, tinta_especial, hojas_sobrante, activo) VALUES (80,9001,10000,4,4,true,800,true);
INSERT INTO papel_sobrante (id_papel_sobrante, inicio_tabulador, fin_tabulador, frente_num_tinta, vuelta_num_tinta, tinta_especial, hojas_sobrante, activo) VALUES (81,10001,20000,1,0,false,300,true);
INSERT INTO papel_sobrante (id_papel_sobrante, inicio_tabulador, fin_tabulador, frente_num_tinta, vuelta_num_tinta, tinta_especial, hojas_sobrante, activo) VALUES (82,10001,20000,1,1,false,400,true);
INSERT INTO papel_sobrante (id_papel_sobrante, inicio_tabulador, fin_tabulador, frente_num_tinta, vuelta_num_tinta, tinta_especial, hojas_sobrante, activo) VALUES (83,10001,20000,4,0,false,500,true);
INSERT INTO papel_sobrante (id_papel_sobrante, inicio_tabulador, fin_tabulador, frente_num_tinta, vuelta_num_tinta, tinta_especial, hojas_sobrante, activo) VALUES (84,10001,20000,4,4,false,800,true);
INSERT INTO papel_sobrante (id_papel_sobrante, inicio_tabulador, fin_tabulador, frente_num_tinta, vuelta_num_tinta, tinta_especial, hojas_sobrante, activo) VALUES (85,10001,20000,1,0,true,400,true);
INSERT INTO papel_sobrante (id_papel_sobrante, inicio_tabulador, fin_tabulador, frente_num_tinta, vuelta_num_tinta, tinta_especial, hojas_sobrante, activo) VALUES (86,10001,20000,1,1,true,500,true);
INSERT INTO papel_sobrante (id_papel_sobrante, inicio_tabulador, fin_tabulador, frente_num_tinta, vuelta_num_tinta, tinta_especial, hojas_sobrante, activo) VALUES (87,10001,20000,4,0,true,1000,true);
INSERT INTO papel_sobrante (id_papel_sobrante, inicio_tabulador, fin_tabulador, frente_num_tinta, vuelta_num_tinta, tinta_especial, hojas_sobrante, activo) VALUES (88,10001,20000,4,4,true,1500,true);
INSERT INTO papel_sobrante (id_papel_sobrante, inicio_tabulador, fin_tabulador, frente_num_tinta, vuelta_num_tinta, tinta_especial, hojas_sobrante, activo) VALUES (89,20001,30000,1,0,false,400,true);
INSERT INTO papel_sobrante (id_papel_sobrante, inicio_tabulador, fin_tabulador, frente_num_tinta, vuelta_num_tinta, tinta_especial, hojas_sobrante, activo) VALUES (90,20001,30000,1,1,false,500,true);
INSERT INTO papel_sobrante (id_papel_sobrante, inicio_tabulador, fin_tabulador, frente_num_tinta, vuelta_num_tinta, tinta_especial, hojas_sobrante, activo) VALUES (91,20001,30000,4,0,false,1000,true);
INSERT INTO papel_sobrante (id_papel_sobrante, inicio_tabulador, fin_tabulador, frente_num_tinta, vuelta_num_tinta, tinta_especial, hojas_sobrante, activo) VALUES (92,20001,30000,4,4,false,1500,true);
INSERT INTO papel_sobrante (id_papel_sobrante, inicio_tabulador, fin_tabulador, frente_num_tinta, vuelta_num_tinta, tinta_especial, hojas_sobrante, activo) VALUES (93,20001,30000,1,0,true,500,true);
INSERT INTO papel_sobrante (id_papel_sobrante, inicio_tabulador, fin_tabulador, frente_num_tinta, vuelta_num_tinta, tinta_especial, hojas_sobrante, activo) VALUES (94,20001,30000,1,1,true,600,true);
INSERT INTO papel_sobrante (id_papel_sobrante, inicio_tabulador, fin_tabulador, frente_num_tinta, vuelta_num_tinta, tinta_especial, hojas_sobrante, activo) VALUES (95,20001,30000,4,0,true,1000,true);
INSERT INTO papel_sobrante (id_papel_sobrante, inicio_tabulador, fin_tabulador, frente_num_tinta, vuelta_num_tinta, tinta_especial, hojas_sobrante, activo) VALUES (96,20001,30000,4,4,true,1500,true);
INSERT INTO papel_sobrante (id_papel_sobrante, inicio_tabulador, fin_tabulador, frente_num_tinta, vuelta_num_tinta, tinta_especial, hojas_sobrante, activo) VALUES (97,30001,50000,1,0,false,5000,true);
INSERT INTO papel_sobrante (id_papel_sobrante, inicio_tabulador, fin_tabulador, frente_num_tinta, vuelta_num_tinta, tinta_especial, hojas_sobrante, activo) VALUES (98,30001,50000,1,1,false,1000,true);
INSERT INTO papel_sobrante (id_papel_sobrante, inicio_tabulador, fin_tabulador, frente_num_tinta, vuelta_num_tinta, tinta_especial, hojas_sobrante, activo) VALUES (99,30001,50000,4,0,false,1200,true);
INSERT INTO papel_sobrante (id_papel_sobrante, inicio_tabulador, fin_tabulador, frente_num_tinta, vuelta_num_tinta, tinta_especial, hojas_sobrante, activo) VALUES (100,30001,50000,4,4,false,1500,true);
INSERT INTO papel_sobrante (id_papel_sobrante, inicio_tabulador, fin_tabulador, frente_num_tinta, vuelta_num_tinta, tinta_especial, hojas_sobrante, activo) VALUES (101,30001,50000,1,0,true,600,true);
INSERT INTO papel_sobrante (id_papel_sobrante, inicio_tabulador, fin_tabulador, frente_num_tinta, vuelta_num_tinta, tinta_especial, hojas_sobrante, activo) VALUES (102,30001,50000,1,1,true,700,true);
INSERT INTO papel_sobrante (id_papel_sobrante, inicio_tabulador, fin_tabulador, frente_num_tinta, vuelta_num_tinta, tinta_especial, hojas_sobrante, activo) VALUES (103,30001,50000,4,0,true,1500,true);
INSERT INTO papel_sobrante (id_papel_sobrante, inicio_tabulador, fin_tabulador, frente_num_tinta, vuelta_num_tinta, tinta_especial, hojas_sobrante, activo) VALUES (104,30001,50000,4,4,true,2000,true);




INSERT INTO cliente (id_cliente, id_tipo_cliente, nombre_moral, nombre_representante, puesto, calle, num_exterior, num_interior, colonia, delegacion_municipio, estado, codigo_postal, pais, rfc, telefono_particular, telefono_movil, email, observaciones, activo) VALUES (1,1,'Editores Buena  Onda, S.A. De C.V.','Eduardo Ruiz Noriega','Director','Suiza','14',' ','Portales Oriente','Benito Juárez','Distrito Federal','03570','México','EBO981030HL7','55320880','0445555087783','aaa@aaa.com',' ',true);
INSERT INTO cliente (id_cliente, id_tipo_cliente, nombre_moral, nombre_representante, puesto, calle, num_exterior, num_interior, colonia, delegacion_municipio, estado, codigo_postal, pais, rfc, telefono_particular, telefono_movil, email, observaciones, activo) VALUES (2,1,'Rosa María Ortiz Alcántara','Rosa María Ortiz Alcántara',' ','Palenque','455',' ','Vertiz Narvarte','Benito Juárez','Distrito Federal',' ',' ','OIAR560625FP1',' ',' ',' ',' ',true);
INSERT INTO cliente (id_cliente, id_tipo_cliente, nombre_moral, nombre_representante, puesto, calle, num_exterior, num_interior, colonia, delegacion_municipio, estado, codigo_postal, pais, rfc, telefono_particular, telefono_movil, email, observaciones, activo) VALUES (3,1,'Impretei, S.A.De C.V.','Eduardo Hurtado Badiola',' ','Almeria','17',' ','Postal','Benito Juárez','Distrito Federal',' ',' ','IMP960607EY3',' ',' ',' ',' ',true);
INSERT INTO cliente (id_cliente, id_tipo_cliente, nombre_moral, nombre_representante, puesto, calle, num_exterior, num_interior, colonia, delegacion_municipio, estado, codigo_postal, pais, rfc, telefono_particular, telefono_movil, email, observaciones, activo) VALUES (4,1,'Aliusprint, S.A.De C.V.','Rosa María Ortiz Alcántara',' ','5 De Febrero','468',' ','Algarin','Cuauhtémoc','Distrito Federal',' ',' ','ALI030516UN9',' ',' ',' ',' ',true);
INSERT INTO cliente (id_cliente, id_tipo_cliente, nombre_moral, nombre_representante, puesto, calle, num_exterior, num_interior, colonia, delegacion_municipio, estado, codigo_postal, pais, rfc, telefono_particular, telefono_movil, email, observaciones, activo) VALUES (5,1,'Luis Fernando Gonzalez Veites','Luis Fernando Gonzalez Veites',' ','Norte  29','36-A',' ','Moctezuma 2Da.Sección','Venustiano Carranza','Distrito Federal',' ',' ','GOVL740806HE4',' ',' ',' ',' ',true);
INSERT INTO cliente (id_cliente, id_tipo_cliente, nombre_moral, nombre_representante, puesto, calle, num_exterior, num_interior, colonia, delegacion_municipio, estado, codigo_postal, pais, rfc, telefono_particular, telefono_movil, email, observaciones, activo) VALUES (6,1,'Jose Luis Hurtado Romero','Jose Luis Hurtado Romero',' ','Almeria','21','101','Postal','Benito Juárez','Distrito Federal',' ',' ','HURL810927KK3',' ',' ',' ',' ',true);
INSERT INTO cliente (id_cliente, id_tipo_cliente, nombre_moral, nombre_representante, puesto, calle, num_exterior, num_interior, colonia, delegacion_municipio, estado, codigo_postal, pais, rfc, telefono_particular, telefono_movil, email, observaciones, activo) VALUES (7,1,'Imagen En Sociales, S.A.De C.V.','Ricardo Pineda',' ','5 De Mayo','64',' ','Providencia',' ','Distrito Federal',' ',' ','ISO030829169',' ',' ',' ',' ',true);
INSERT INTO cliente (id_cliente, id_tipo_cliente, nombre_moral, nombre_representante, puesto, calle, num_exterior, num_interior, colonia, delegacion_municipio, estado, codigo_postal, pais, rfc, telefono_particular, telefono_movil, email, observaciones, activo) VALUES (8,1,'Artes Graficas Vallejo, S.A.De C.V.','Arturo Vallejo',' ','Av. Buen Tono','255',' ','Industrial',' ','Distrito Federal',' ',' ','AGV050208M74',' ',' ',' ',' ',true);
INSERT INTO cliente (id_cliente, id_tipo_cliente, nombre_moral, nombre_representante, puesto, calle, num_exterior, num_interior, colonia, delegacion_municipio, estado, codigo_postal, pais, rfc, telefono_particular, telefono_movil, email, observaciones, activo) VALUES (9,1,'Grupo Impresor Daalsagrafik, S.A.De C.V.','Enrique Vargas',' ','Pampas','67',' ','Moderna',' ','Distrito Federal',' ',' ','GID060328QH8',' ',' ',' ',' ',true);
INSERT INTO cliente (id_cliente, id_tipo_cliente, nombre_moral, nombre_representante, puesto, calle, num_exterior, num_interior, colonia, delegacion_municipio, estado, codigo_postal, pais, rfc, telefono_particular, telefono_movil, email, observaciones, activo) VALUES (10,1,'Universidad Nacional Autonoma De Mexico','Lic. Abel Rubio',' ','Av.Universidad','3000',' ','Universidad Nacional Autonoma De Mexico,C.U.','Coyoacán','Distrito Federal',' ',' ','UNA2907227Y5',' ',' ',' ',' ',true);
INSERT INTO cliente (id_cliente, id_tipo_cliente, nombre_moral, nombre_representante, puesto, calle, num_exterior, num_interior, colonia, delegacion_municipio, estado, codigo_postal, pais, rfc, telefono_particular, telefono_movil, email, observaciones, activo) VALUES (11,1,'Stampa Creativa, S.A.De C.V.','Carlos Crosswell Martínez',' ','Jose Toribio Medina','104-C',' ','Algarin','Cuauhtémoc','Distrito Federal',' ',' ','SCR060201PI0',' ',' ',' ',' ',true);
INSERT INTO cliente (id_cliente, id_tipo_cliente, nombre_moral, nombre_representante, puesto, calle, num_exterior, num_interior, colonia, delegacion_municipio, estado, codigo_postal, pais, rfc, telefono_particular, telefono_movil, email, observaciones, activo) VALUES (12,1,'Sleepy Baby, S.A.De C.V.','Grace Haber',' ','Alabama','117',' ','Napoles',' ','Distrito Federal',' ',' ','SBA070327LK0',' ',' ',' ',' ',true);
INSERT INTO cliente (id_cliente, id_tipo_cliente, nombre_moral, nombre_representante, puesto, calle, num_exterior, num_interior, colonia, delegacion_municipio, estado, codigo_postal, pais, rfc, telefono_particular, telefono_movil, email, observaciones, activo) VALUES (13,1,'Yolanda Elena Tovar Ortega','Yolanda Elena Tovar Ortega',' ','Monte Alban','304','7','Narvarte','Benito Juárez','Distrito Federal',' ',' ','TOOY661007574',' ',' ',' ',' ',true);
INSERT INTO cliente (id_cliente, id_tipo_cliente, nombre_moral, nombre_representante, puesto, calle, num_exterior, num_interior, colonia, delegacion_municipio, estado, codigo_postal, pais, rfc, telefono_particular, telefono_movil, email, observaciones, activo) VALUES (14,1,'P.D.Estrategias Creativas,S.A.De C.V.','Juan Carlos Páez',' ','Calz.Santa Anita','109',' ','Moderna',' ','Distrito Federal',' ',' ','PDE9202255E7',' ',' ',' ',' ',true);
INSERT INTO cliente (id_cliente, id_tipo_cliente, nombre_moral, nombre_representante, puesto, calle, num_exterior, num_interior, colonia, delegacion_municipio, estado, codigo_postal, pais, rfc, telefono_particular, telefono_movil, email, observaciones, activo) VALUES (15,1,'Loteria Nacional Para La Asistencia Publica','Lic. Luis Adolfo González',' ','Plaza De La Reforma','1',' ','Tabacalera','Cuauhtémoc','Distrito Federal',' ',' ','LNA200807U2A',' ',' ',' ',' ',true);
INSERT INTO cliente (id_cliente, id_tipo_cliente, nombre_moral, nombre_representante, puesto, calle, num_exterior, num_interior, colonia, delegacion_municipio, estado, codigo_postal, pais, rfc, telefono_particular, telefono_movil, email, observaciones, activo) VALUES (16,1,'Gustavo De Alba De La Rosa','Gustavo De Alba De La Rosa',' ','Av.Coyoacan','921','204','Del Valle','Benito Juárez','Distrito Federal',' ',' ','AARG700417PY4',' ',' ',' ',' ',true);
INSERT INTO cliente (id_cliente, id_tipo_cliente, nombre_moral, nombre_representante, puesto, calle, num_exterior, num_interior, colonia, delegacion_municipio, estado, codigo_postal, pais, rfc, telefono_particular, telefono_movil, email, observaciones, activo) VALUES (17,1,'Sistemas De Duplicacion, S.A.De C.V.','Adrián Bautista',' ','Lago Hielmar','18',' ','Pensil',' ','Distrito Federal',' ',' ','SDU68040883A',' ',' ',' ',' ',true);
INSERT INTO cliente (id_cliente, id_tipo_cliente, nombre_moral, nombre_representante, puesto, calle, num_exterior, num_interior, colonia, delegacion_municipio, estado, codigo_postal, pais, rfc, telefono_particular, telefono_movil, email, observaciones, activo) VALUES (18,1,'Jaime Martinez Ramirez','Jaime Martinez Ramirez',' ','Manuel Payro','98',' ','Obrera','Cuauhtémoc','Distrito Federal',' ',' ','MARJ620202CZ9',' ',' ',' ',' ',true);
INSERT INTO cliente (id_cliente, id_tipo_cliente, nombre_moral, nombre_representante, puesto, calle, num_exterior, num_interior, colonia, delegacion_municipio, estado, codigo_postal, pais, rfc, telefono_particular, telefono_movil, email, observaciones, activo) VALUES (19,1,'Celso Uribe Trejo','Celso Uribe Trejo',' ','Presa Soledad','L1 M17',' ','La Presa',' ','Distrito Federal',' ',' ','UITC660406H65',' ',' ',' ',' ',true);
INSERT INTO cliente (id_cliente, id_tipo_cliente, nombre_moral, nombre_representante, puesto, calle, num_exterior, num_interior, colonia, delegacion_municipio, estado, codigo_postal, pais, rfc, telefono_particular, telefono_movil, email, observaciones, activo) VALUES (20,1,'Sigma Color Publicidad Y Diseño, S.A.De C.V.','Omar Villarreal',' ','El Bordo','65',' ','Valle Gomez',' ','Distrito Federal',' ',' ','SCP021205B19',' ',' ',' ',' ',true);
INSERT INTO cliente (id_cliente, id_tipo_cliente, nombre_moral, nombre_representante, puesto, calle, num_exterior, num_interior, colonia, delegacion_municipio, estado, codigo_postal, pais, rfc, telefono_particular, telefono_movil, email, observaciones, activo) VALUES (21,1,'Direccion General De La Escuela Nacional Preparatoria','Lic. Arnulfo Santander',' ','Adolfo Prieto','722',' ','Del Valle','Benito Juárez','Distrito Federal',' ',' ','UNA2907227Y5',' ',' ',' ',' ',true);
INSERT INTO cliente (id_cliente, id_tipo_cliente, nombre_moral, nombre_representante, puesto, calle, num_exterior, num_interior, colonia, delegacion_municipio, estado, codigo_postal, pais, rfc, telefono_particular, telefono_movil, email, observaciones, activo) VALUES (22,1,'Secretaria De Desarrollo Social','Ing. Luis Javier Martínez Pastrana',' ','Paseo De La Reforma','116',' ','Juarez','Cuauhtémoc','Distrito Federal',' ',' ','SDS920522L71',' ',' ',' ',' ',true);
INSERT INTO cliente (id_cliente, id_tipo_cliente, nombre_moral, nombre_representante, puesto, calle, num_exterior, num_interior, colonia, delegacion_municipio, estado, codigo_postal, pais, rfc, telefono_particular, telefono_movil, email, observaciones, activo) VALUES (23,1,'Soluciones Industriales Importacion Y Maquinaria, S.A.De C.V','Dra. Ma. Guadalupe Águila Salinas','Representante Legal','Trigo','48',' ','Granjas Esmeralda','Iztapalapa','Distrito Federal',' ',' ','SII0910088A2',' ',' ',' ',' ',true);
INSERT INTO cliente (id_cliente, id_tipo_cliente, nombre_moral, nombre_representante, puesto, calle, num_exterior, num_interior, colonia, delegacion_municipio, estado, codigo_postal, pais, rfc, telefono_particular, telefono_movil, email, observaciones, activo) VALUES (24,1,'Lantz Duret Trade Company, S.A.De C.V.','Elizabeth Rincón',' ','Miguel Lanz Duret','5',' ','Periodista',' ','Distrito Federal',' ',' ','LDT950630Q52',' ',' ',' ',' ',true);
INSERT INTO cliente (id_cliente, id_tipo_cliente, nombre_moral, nombre_representante, puesto, calle, num_exterior, num_interior, colonia, delegacion_municipio, estado, codigo_postal, pais, rfc, telefono_particular, telefono_movil, email, observaciones, activo) VALUES (25,1,'Maria De Los Angeles Ruiz Lavalle','Maria De Los Angeles Ruiz Lavalle',' ','Jose Marti','65-A',' ','Escandón',' ','Distrito Federal',' ',' ','RULA620717MW9',' ',' ',' ',' ',true);
INSERT INTO cliente (id_cliente, id_tipo_cliente, nombre_moral, nombre_representante, puesto, calle, num_exterior, num_interior, colonia, delegacion_municipio, estado, codigo_postal, pais, rfc, telefono_particular, telefono_movil, email, observaciones, activo) VALUES (26,1,'Secretaria De Salud','Francisco Navarrete',' ','Lieja','7',' ','Juarez','Cuauhtémoc','Distrito Federal',' ',' ','SSA630502CU1',' ',' ',' ',' ',true);
INSERT INTO cliente (id_cliente, id_tipo_cliente, nombre_moral, nombre_representante, puesto, calle, num_exterior, num_interior, colonia, delegacion_municipio, estado, codigo_postal, pais, rfc, telefono_particular, telefono_movil, email, observaciones, activo) VALUES (27,1,'Antonio Estrada Soria','Antonio Estrada Soria',' ','Beethoven','161','Acc- A','Peralvillo','Cuauhtémoc','Distrito Federal',' ',' ','EASA710609FA6',' ',' ',' ',' ',true);
INSERT INTO cliente (id_cliente, id_tipo_cliente, nombre_moral, nombre_representante, puesto, calle, num_exterior, num_interior, colonia, delegacion_municipio, estado, codigo_postal, pais, rfc, telefono_particular, telefono_movil, email, observaciones, activo) VALUES (28,1,'Maria Angelica Farias Barron','Maria Angelica Farias Barron',' ','Valle De Hoz De Arreba','162',' ','Valle De Aragon 1Ra.Secc.',' ','Distrito Federal',' ',' ','FABA5912034LA',' ',' ',' ',' ',true);
INSERT INTO cliente (id_cliente, id_tipo_cliente, nombre_moral, nombre_representante, puesto, calle, num_exterior, num_interior, colonia, delegacion_municipio, estado, codigo_postal, pais, rfc, telefono_particular, telefono_movil, email, observaciones, activo) VALUES (29,1,'Primera Escuela De Trafico Y Tramitacion Aduanal,S.C.','Lic. Alberto Castellanos Dávila',' ','Fray Servando Teresa De Mier','839','Piso 3','Jardin Balbuena','Venustiano Carranza','Distrito Federal',' ',' ','PET760226QK4',' ',' ',' ',' ',true);
INSERT INTO cliente (id_cliente, id_tipo_cliente, nombre_moral, nombre_representante, puesto, calle, num_exterior, num_interior, colonia, delegacion_municipio, estado, codigo_postal, pais, rfc, telefono_particular, telefono_movil, email, observaciones, activo) VALUES (30,1,'Escuela Superior De Comercio Internacional,S.C.','Lic. Alberto Castellanos Dávila',' ','Fray Servando Teresa De Mier','839','303','Jardin Balbuena','Venustiano Carranza','Distrito Federal',' ',' ','ESC760302LG0',' ',' ',' ',' ',true);
INSERT INTO cliente (id_cliente, id_tipo_cliente, nombre_moral, nombre_representante, puesto, calle, num_exterior, num_interior, colonia, delegacion_municipio, estado, codigo_postal, pais, rfc, telefono_particular, telefono_movil, email, observaciones, activo) VALUES (31,1,'Eva Rosa Fodor Kepes','Eva Rosa Fodor Kepes',' ','Puebla','306','7','Roma','Cuauhtémoc','Distrito Federal',' ',' ','FOKE4910209G6',' ',' ',' ',' ',true);
INSERT INTO cliente (id_cliente, id_tipo_cliente, nombre_moral, nombre_representante, puesto, calle, num_exterior, num_interior, colonia, delegacion_municipio, estado, codigo_postal, pais, rfc, telefono_particular, telefono_movil, email, observaciones, activo) VALUES (32,1,'Pedro Sandro Mendoza Yanarico','Pedro Sandro Mendoza Yanarico',' ','Republica De Brasil','19','2-Loc8','Centro','Cuauhtémoc','Distrito Federal',' ',' ','MEYP7106294NA',' ',' ',' ',' ',true);
INSERT INTO cliente (id_cliente, id_tipo_cliente, nombre_moral, nombre_representante, puesto, calle, num_exterior, num_interior, colonia, delegacion_municipio, estado, codigo_postal, pais, rfc, telefono_particular, telefono_movil, email, observaciones, activo) VALUES (33,1,'Fast Desing S.A.De C.V.','Salvador Gutiérrez',' ','Cvto De Santa Monica','112, 114',' ','Jardines De Santa Monica',' ','Distrito Federal',' ',' ','FDE9310013X7',' ',' ',' ',' ',true);
INSERT INTO cliente (id_cliente, id_tipo_cliente, nombre_moral, nombre_representante, puesto, calle, num_exterior, num_interior, colonia, delegacion_municipio, estado, codigo_postal, pais, rfc, telefono_particular, telefono_movil, email, observaciones, activo) VALUES (34,1,'Martha Liliana Alvarez Castro','Martha Liliana Alvarez Castro',' ','Andador Alcatraz','4',' ','Fracc.Residencial Bugambilias',' ','Distrito Federal',' ',' ','AACM730424H29',' ',' ',' ',' ',true);
INSERT INTO cliente (id_cliente, id_tipo_cliente, nombre_moral, nombre_representante, puesto, calle, num_exterior, num_interior, colonia, delegacion_municipio, estado, codigo_postal, pais, rfc, telefono_particular, telefono_movil, email, observaciones, activo) VALUES (35,1,'Rodolfo Montaño Pastrana','Rodolfo Montaño Pastrana',' ','Farallones','42',' ','Acueducto De Guadalupe',' ','Distrito Federal',' ',' ','MOPR750812R24',' ',' ',' ',' ',true);
INSERT INTO cliente (id_cliente, id_tipo_cliente, nombre_moral, nombre_representante, puesto, calle, num_exterior, num_interior, colonia, delegacion_municipio, estado, codigo_postal, pais, rfc, telefono_particular, telefono_movil, email, observaciones, activo) VALUES (36,1,'Minerva Durdaney Ochoa Garcia','Minerva Durdaney Ochoa Garcia',' ','5 De Febrero 246','Loc.A3',' ','Obrera','Cuauhtémoc','Distrito Federal',' ',' ','OOGM710910UU3',' ',' ',' ',' ',true);
INSERT INTO cliente (id_cliente, id_tipo_cliente, nombre_moral, nombre_representante, puesto, calle, num_exterior, num_interior, colonia, delegacion_municipio, estado, codigo_postal, pais, rfc, telefono_particular, telefono_movil, email, observaciones, activo) VALUES (37,1,'Red Tag Line S.A.De C.V.',' ',' ','5 De Febrero','490',' ','Algarin','Cuauhtémoc','Distrito Federal',' ',' ','RTL071212GJ9',' ',' ',' ',' ',true);
INSERT INTO cliente (id_cliente, id_tipo_cliente, nombre_moral, nombre_representante, puesto, calle, num_exterior, num_interior, colonia, delegacion_municipio, estado, codigo_postal, pais, rfc, telefono_particular, telefono_movil, email, observaciones, activo) VALUES (38,1,'Patricio Benjamin Gonzalez Rico','Patricio Benjamin Gonzalez Rico',' ','Av.De La Industria','179',' ','Moctezuma 2A.Seccion','Venustiano Carranza','Distrito Federal',' ',' ','GORP460317KX3',' ',' ',' ',' ',true);
INSERT INTO cliente (id_cliente, id_tipo_cliente, nombre_moral, nombre_representante, puesto, calle, num_exterior, num_interior, colonia, delegacion_municipio, estado, codigo_postal, pais, rfc, telefono_particular, telefono_movil, email, observaciones, activo) VALUES (39,1,'Lino Cruz Garcia','Lino Cruz Garcia',' ','Tauro','904',' ','Fracc.Ampliacion De La 5A.Secc Ricardo Flores Magon',' ','Distrito Federal',' ',' ','CUGL5709231R5',' ',' ',' ',' ',true);
INSERT INTO cliente (id_cliente, id_tipo_cliente, nombre_moral, nombre_representante, puesto, calle, num_exterior, num_interior, colonia, delegacion_municipio, estado, codigo_postal, pais, rfc, telefono_particular, telefono_movil, email, observaciones, activo) VALUES (40,1,'Sandra De Jesus Mejia De La Hoz','Sandra De Jesus Mejia De La Hoz',' ','Schubert','172-C',' ','Peralvillo','Cuauhtémoc','Distrito Federal',' ',' ','MEHS620202JR4',' ',' ',' ',' ',true);
INSERT INTO cliente (id_cliente, id_tipo_cliente, nombre_moral, nombre_representante, puesto, calle, num_exterior, num_interior, colonia, delegacion_municipio, estado, codigo_postal, pais, rfc, telefono_particular, telefono_movil, email, observaciones, activo) VALUES (41,1,'Educal S.A.De C.V.',' ',' ','Av.Ceylan','450',' ','Euzcadi',' ','Distrito Federal',' ',' ','EDU8202178I3',' ',' ',' ',' ',true);
INSERT INTO cliente (id_cliente, id_tipo_cliente, nombre_moral, nombre_representante, puesto, calle, num_exterior, num_interior, colonia, delegacion_municipio, estado, codigo_postal, pais, rfc, telefono_particular, telefono_movil, email, observaciones, activo) VALUES (42,1,'Blanca Onelia Rodriguez Miranda','Blanca Onelia Rodriguez Miranda',' ','Cuauhtemoc','94',' ','Aragon La Villa',' ','Distrito Federal',' ',' ','ROMB7208265Q8',' ',' ',' ',' ',true);
INSERT INTO cliente (id_cliente, id_tipo_cliente, nombre_moral, nombre_representante, puesto, calle, num_exterior, num_interior, colonia, delegacion_municipio, estado, codigo_postal, pais, rfc, telefono_particular, telefono_movil, email, observaciones, activo) VALUES (43,1,'David Moreno Soto','David Moreno Soto',' ','Piraña','16',' ','Del Mar',' ','Distrito Federal',' ',' ','MOSD520906R4A',' ',' ',' ',' ',true);
INSERT INTO cliente (id_cliente, id_tipo_cliente, nombre_moral, nombre_representante, puesto, calle, num_exterior, num_interior, colonia, delegacion_municipio, estado, codigo_postal, pais, rfc, telefono_particular, telefono_movil, email, observaciones, activo) VALUES (44,1,'Miguel Angel Sanchez Jimenez','Miguel Angel Sanchez Jimenez',' ','Jesús Capistran','Mz.70 Lote 2',' ','Ampliación San Pedro Xalpa','Azcapotzalco','Distrito Federal',' ',' ','SAJM560819ET0',' ',' ',' ',' ',true);
INSERT INTO cliente (id_cliente, id_tipo_cliente, nombre_moral, nombre_representante, puesto, calle, num_exterior, num_interior, colonia, delegacion_municipio, estado, codigo_postal, pais, rfc, telefono_particular, telefono_movil, email, observaciones, activo) VALUES (45,1,'Impresos Florida, S.A.De C.V.','José Ruiz',' ','5 De Mayo','33',' ','Providencia',' ','Distrito Federal',' ',' ','IFL870318T32',' ',' ',' ',' ',true);
INSERT INTO cliente (id_cliente, id_tipo_cliente, nombre_moral, nombre_representante, puesto, calle, num_exterior, num_interior, colonia, delegacion_municipio, estado, codigo_postal, pais, rfc, telefono_particular, telefono_movil, email, observaciones, activo) VALUES (46,1,'Fernando Luna Breton','Fernando Luna Breton',' ','Zacahuitzco','47',' ','Zacahuitzco',' ','Distrito Federal',' ',' ','LUBF6103028V8',' ',' ',' ',' ',true);
INSERT INTO cliente (id_cliente, id_tipo_cliente, nombre_moral, nombre_representante, puesto, calle, num_exterior, num_interior, colonia, delegacion_municipio, estado, codigo_postal, pais, rfc, telefono_particular, telefono_movil, email, observaciones, activo) VALUES (47,1,'Asociación Mexicana De Algología',' ',' ','Dr.Balmis','148','203-C','Doctores','Cuauhtémoc','Distrito Federal',' ',' ','AMA970402LSA',' ',' ',' ',' ',true);
INSERT INTO cliente (id_cliente, id_tipo_cliente, nombre_moral, nombre_representante, puesto, calle, num_exterior, num_interior, colonia, delegacion_municipio, estado, codigo_postal, pais, rfc, telefono_particular, telefono_movil, email, observaciones, activo) VALUES (48,1,'Norma Angelica Padron Lejarza','Norma Angelica Padrón Lejarza',' ','Manuel Gutierrez Najera','147','Altos','Obrera','Cuauhtémoc','Distrito Federal',' ',' ','PALN630811N26',' ',' ',' ',' ',true);
INSERT INTO cliente (id_cliente, id_tipo_cliente, nombre_moral, nombre_representante, puesto, calle, num_exterior, num_interior, colonia, delegacion_municipio, estado, codigo_postal, pais, rfc, telefono_particular, telefono_movil, email, observaciones, activo) VALUES (49,1,'Graficos Litografica Comercial, S.A.De C.V.',' ',' ','Bolivar','165','110','Obrera','Cuauhtémoc','Distrito Federal',' ',' ','GLC071218454',' ',' ',' ',' ',true);
INSERT INTO cliente (id_cliente, id_tipo_cliente, nombre_moral, nombre_representante, puesto, calle, num_exterior, num_interior, colonia, delegacion_municipio, estado, codigo_postal, pais, rfc, telefono_particular, telefono_movil, email, observaciones, activo) VALUES (50,1,'Antonio Acosta Hernandez','Antonio Acosta Hernandez',' ','Fray Juan De Torquemada','134',' ','Obrera','Cuauhtémoc','Distrito Federal',' ',' ','AOHA7406104D0',' ',' ',' ',' ',true);
INSERT INTO cliente (id_cliente, id_tipo_cliente, nombre_moral, nombre_representante, puesto, calle, num_exterior, num_interior, colonia, delegacion_municipio, estado, codigo_postal, pais, rfc, telefono_particular, telefono_movil, email, observaciones, activo) VALUES (51,1,'Distribuidora Periodistica Del Centro S.A.De C.V.',' ',' ','Andador Alcatraz','4','2','Fraccionamiento Residencial Bugambilias',' ','Distrito Federal',' ',' ','DPC110302TK5',' ',' ',' ',' ',true);
INSERT INTO cliente (id_cliente, id_tipo_cliente, nombre_moral, nombre_representante, puesto, calle, num_exterior, num_interior, colonia, delegacion_municipio, estado, codigo_postal, pais, rfc, telefono_particular, telefono_movil, email, observaciones, activo) VALUES (52,1,'Sistema Vita Natura, S.A.De C.V.',' ',' ','Anillo De Circunvalación','420 L1',' ','Merced Centro','Cuauhtémoc','Distrito Federal',' ',' ','SVN000124HK6',' ',' ',' ',' ',true);
INSERT INTO cliente (id_cliente, id_tipo_cliente, nombre_moral, nombre_representante, puesto, calle, num_exterior, num_interior, colonia, delegacion_municipio, estado, codigo_postal, pais, rfc, telefono_particular, telefono_movil, email, observaciones, activo) VALUES (53,1,'Patricia Munguia Gheno','Patricia Munguia Gheno',' ','Laguna De Terminos','386',' ','Anahuac',' ','Distrito Federal',' ',' ','MUGP641221QC2',' ',' ',' ',' ',true);
INSERT INTO cliente (id_cliente, id_tipo_cliente, nombre_moral, nombre_representante, puesto, calle, num_exterior, num_interior, colonia, delegacion_municipio, estado, codigo_postal, pais, rfc, telefono_particular, telefono_movil, email, observaciones, activo) VALUES (54,1,'Francisco Guillermo Espejel Gonzalez','Francisco Guillermo Espejel González',' ','Calzada San Juan De Aragon','884',' ','San Juan De Aragon',' ','Distrito Federal',' ',' ','EEGF680224NH0',' ',' ',' ',' ',true);
INSERT INTO cliente (id_cliente, id_tipo_cliente, nombre_moral, nombre_representante, puesto, calle, num_exterior, num_interior, colonia, delegacion_municipio, estado, codigo_postal, pais, rfc, telefono_particular, telefono_movil, email, observaciones, activo) VALUES (55,1,'Enrique Alberto Manzo Mendoza','Enrique Alberto Manzo Mendoza',' ','Valle De Las Bugambilias','10',' ','Izcalli Del Valle',' ','Distrito Federal',' ',' ','MAMX810715JZ1',' ',' ',' ',' ',true);
INSERT INTO cliente (id_cliente, id_tipo_cliente, nombre_moral, nombre_representante, puesto, calle, num_exterior, num_interior, colonia, delegacion_municipio, estado, codigo_postal, pais, rfc, telefono_particular, telefono_movil, email, observaciones, activo) VALUES (56,1,'Gafacolors Digital S.A.De C.V.',' ',' ','Calz.De Las Armas','61',' ','Rivera De Echegaray',' ','Distrito Federal',' ',' ','GDI990921J7A',' ',' ',' ',' ',true);
INSERT INTO cliente (id_cliente, id_tipo_cliente, nombre_moral, nombre_representante, puesto, calle, num_exterior, num_interior, colonia, delegacion_municipio, estado, codigo_postal, pais, rfc, telefono_particular, telefono_movil, email, observaciones, activo) VALUES (57,1,'Corporativo Arguelles S.A.De C.V.',' ',' ','2Da.Cerrada De San Juan De Dios','76A','14','San Lorenzo Huipulco',' ','Distrito Federal',' ',' ','CAR071108EW8',' ',' ',' ',' ',true);
INSERT INTO cliente (id_cliente, id_tipo_cliente, nombre_moral, nombre_representante, puesto, calle, num_exterior, num_interior, colonia, delegacion_municipio, estado, codigo_postal, pais, rfc, telefono_particular, telefono_movil, email, observaciones, activo) VALUES (58,1,'Julio Ramirez Razo','Julio Ramirez Razo',' ','Mar Mediterraneo','72',' ','Tacuba','Miguel Hidalgo','Distrito Federal',' ',' ','RARJ510606PW4',' ',' ',' ',' ',true);
INSERT INTO cliente (id_cliente, id_tipo_cliente, nombre_moral, nombre_representante, puesto, calle, num_exterior, num_interior, colonia, delegacion_municipio, estado, codigo_postal, pais, rfc, telefono_particular, telefono_movil, email, observaciones, activo) VALUES (59,1,'Grupo Fauvi S.A.De C.V.',' ',' ','Av. Paseo De La Reforma','222','100','Juárez','Cuauhtémoc','Distrito Federal',' ',' ','GFA980219UP6',' ',' ',' ',' ',true);
INSERT INTO cliente (id_cliente, id_tipo_cliente, nombre_moral, nombre_representante, puesto, calle, num_exterior, num_interior, colonia, delegacion_municipio, estado, codigo_postal, pais, rfc, telefono_particular, telefono_movil, email, observaciones, activo) VALUES (60,1,'Juan Carlos Quintana Oliver','Juan Carlos Quintana Oliver',' ','Calle 11','190','204','Espartaco',' ','Distrito Federal',' ',' ','QUOJ660116JTA',' ',' ',' ',' ',true);
INSERT INTO cliente (id_cliente, id_tipo_cliente, nombre_moral, nombre_representante, puesto, calle, num_exterior, num_interior, colonia, delegacion_municipio, estado, codigo_postal, pais, rfc, telefono_particular, telefono_movil, email, observaciones, activo) VALUES (61,1,'Jose Lechuga Valencia','Jose Lechuga Valencia',' ','Av.Centenario','1816',' ','Atzacoalco',' ','Distrito Federal',' ',' ','LEVI660408H14',' ',' ',' ',' ',true);
INSERT INTO cliente (id_cliente, id_tipo_cliente, nombre_moral, nombre_representante, puesto, calle, num_exterior, num_interior, colonia, delegacion_municipio, estado, codigo_postal, pais, rfc, telefono_particular, telefono_movil, email, observaciones, activo) VALUES (62,1,'Impresos Muñiz, S.De R.L.De C.V.','Impresos Muñiz, S.De R.L.De C.V.',' ','Sucre','5',' ','Moderna',' ','Distrito Federal',' ',' ','IMU090520AA8',' ',' ',' ',' ',true);
INSERT INTO cliente (id_cliente, id_tipo_cliente, nombre_moral, nombre_representante, puesto, calle, num_exterior, num_interior, colonia, delegacion_municipio, estado, codigo_postal, pais, rfc, telefono_particular, telefono_movil, email, observaciones, activo) VALUES (63,1,'Librerias Gandhi,S.A.De C.V.','Librerias Gandhi,S.A.De C.V.',' ','Benjamin Franklin','98','P.1-3','Escandón',' ','Distrito Federal',' ',' ','LGA0111296B6',' ',' ',' ',' ',true);
INSERT INTO cliente (id_cliente, id_tipo_cliente, nombre_moral, nombre_representante, puesto, calle, num_exterior, num_interior, colonia, delegacion_municipio, estado, codigo_postal, pais, rfc, telefono_particular, telefono_movil, email, observaciones, activo) VALUES (64,1,'Comisión Federal De Electricidad',' ',' ','Av. Paseo De La Reforma','164',' ','Juárez','Cuauhtémoc','Distrito Federal',' ',' ','CFE370814QI0',' ',' ',' ',' ',true);
INSERT INTO cliente (id_cliente, id_tipo_cliente, nombre_moral, nombre_representante, puesto, calle, num_exterior, num_interior, colonia, delegacion_municipio, estado, codigo_postal, pais, rfc, telefono_particular, telefono_movil, email, observaciones, activo) VALUES (65,1,'Servicio De Administración Y Enajenación De Bienes',' ',' ','Av.Insurgentes Sur','1931',' ','Guadalupe Inn',' ','Distrito Federal',' ',' ','SAE030617SV8',' ',' ',' ',' ',true);
INSERT INTO cliente (id_cliente, id_tipo_cliente, nombre_moral, nombre_representante, puesto, calle, num_exterior, num_interior, colonia, delegacion_municipio, estado, codigo_postal, pais, rfc, telefono_particular, telefono_movil, email, observaciones, activo) VALUES (66,1,'Tecnologia Regular Mexico,S.A.De C.V.',' ',' ','Pastores','65',' ','Santa Isabel Industrial',' ','Distrito Federal',' ',' ','TRM110511BD1',' ',' ',' ',' ',true);
INSERT INTO cliente (id_cliente, id_tipo_cliente, nombre_moral, nombre_representante, puesto, calle, num_exterior, num_interior, colonia, delegacion_municipio, estado, codigo_postal, pais, rfc, telefono_particular, telefono_movil, email, observaciones, activo) VALUES (67,1,'Daniel Cruz Millan','Daniel Cruz Millan',' ','Aries','L-1 M8',' ','Zodiaco',' ','Distrito Federal',' ',' ','CUMD870329UH2',' ',' ',' ',' ',true);
INSERT INTO cliente (id_cliente, id_tipo_cliente, nombre_moral, nombre_representante, puesto, calle, num_exterior, num_interior, colonia, delegacion_municipio, estado, codigo_postal, pais, rfc, telefono_particular, telefono_movil, email, observaciones, activo) VALUES (68,1,'Grupo Grafico Salinas,S.A.De C.V.','Enrique Salinas',' ','Marcelino Davalos','12 L-1',' ','Algarín','Cuauhtémoc','Distrito Federal',' ',' ','GGS100616LP3',' ',' ',' ',' ',true);
INSERT INTO cliente (id_cliente, id_tipo_cliente, nombre_moral, nombre_representante, puesto, calle, num_exterior, num_interior, colonia, delegacion_municipio, estado, codigo_postal, pais, rfc, telefono_particular, telefono_movil, email, observaciones, activo) VALUES (69,1,'Becker And Marcus, S.A. De C.V.',' ',' ','Juan Ernesto Hernández Y Davalos','122',' ','Algarin','Cuauhtémoc','Distrito Federal',' ',' ','BMA0908072A4',' ',' ',' ',' ',true);
INSERT INTO cliente (id_cliente, id_tipo_cliente, nombre_moral, nombre_representante, puesto, calle, num_exterior, num_interior, colonia, delegacion_municipio, estado, codigo_postal, pais, rfc, telefono_particular, telefono_movil, email, observaciones, activo) VALUES (70,1,'Cafebrería El Péndulo, S.A. De C.V. (Sucursal Condesa)',' ',' ','Av.Nuevo León','115',' ','Condesa','Cuauhtémoc','Distrito Federal',' ',' ','CPE921211N76',' ',' ',' ',' ',true);
INSERT INTO cliente (id_cliente, id_tipo_cliente, nombre_moral, nombre_representante, puesto, calle, num_exterior, num_interior, colonia, delegacion_municipio, estado, codigo_postal, pais, rfc, telefono_particular, telefono_movil, email, observaciones, activo) VALUES (71,1,'Cafebrería El Péndulo, S.A.De C.V. (Sucursal Polanco)',' ',' ','Av.Nuevo León','115',' ','Condesa','Cuauhtémoc','Distrito Federal',' ',' ','CPE921211N76',' ',' ',' ',' ',true);
INSERT INTO cliente (id_cliente, id_tipo_cliente, nombre_moral, nombre_representante, puesto, calle, num_exterior, num_interior, colonia, delegacion_municipio, estado, codigo_postal, pais, rfc, telefono_particular, telefono_movil, email, observaciones, activo) VALUES (72,1,'Cafebrería El Péndulo, S.A. De C.V.  (Sucursal Santa Fe)',' ',' ','Av.Nuevo León','115',' ','Condesa','Cuauhtémoc','Distrito Federal',' ',' ','CPE921211N76',' ',' ',' ',' ',true);
INSERT INTO cliente (id_cliente, id_tipo_cliente, nombre_moral, nombre_representante, puesto, calle, num_exterior, num_interior, colonia, delegacion_municipio, estado, codigo_postal, pais, rfc, telefono_particular, telefono_movil, email, observaciones, activo) VALUES (73,1,'Cafebrería El Péndulo, S.A.De C.V. (Sucursal Perisur)',' ',' ','Av.Nuevo León','115',' ','Condesa','Cuauhtémoc','Distrito Federal',' ',' ','CPE921211N76',' ',' ',' ',' ',true);
INSERT INTO cliente (id_cliente, id_tipo_cliente, nombre_moral, nombre_representante, puesto, calle, num_exterior, num_interior, colonia, delegacion_municipio, estado, codigo_postal, pais, rfc, telefono_particular, telefono_movil, email, observaciones, activo) VALUES (74,1,'Cafebrería El Péndulo, S.A.De C.V. (Sucursal Zona Rosa)',' ',' ','Av.Nuevo León','115',' ','Condesa','Cuauhtémoc','Distrito Federal',' ',' ','CPE921211N76',' ',' ',' ',' ',true);
INSERT INTO cliente (id_cliente, id_tipo_cliente, nombre_moral, nombre_representante, puesto, calle, num_exterior, num_interior, colonia, delegacion_municipio, estado, codigo_postal, pais, rfc, telefono_particular, telefono_movil, email, observaciones, activo) VALUES (75,1,'Cafebrería El Péndulo, S.A.De C.V. (Sucursal Roma)',' ',' ','Av.Nuevo León','115',' ','Condesa','Cuauhtémoc','Distrito Federal',' ',' ','CPE921211N76',' ',' ',' ',' ',true);
INSERT INTO cliente (id_cliente, id_tipo_cliente, nombre_moral, nombre_representante, puesto, calle, num_exterior, num_interior, colonia, delegacion_municipio, estado, codigo_postal, pais, rfc, telefono_particular, telefono_movil, email, observaciones, activo) VALUES (76,1,'Aquinos Publicidad, S.A.De C.V.','César Aquino',' ','Calle 23','175',' ','Ignacio Zaragoza',' ','Distrito Federal',' ',' ','APU050629PG1',' ',' ',' ',' ',true);
INSERT INTO cliente (id_cliente, id_tipo_cliente, nombre_moral, nombre_representante, puesto, calle, num_exterior, num_interior, colonia, delegacion_municipio, estado, codigo_postal, pais, rfc, telefono_particular, telefono_movil, email, observaciones, activo) VALUES (77,1,'Francisca Maria Del Pilar Villegas Piña','Luis Ramírez',' ','Valle Nacional','6',' ','Valle De Aragon Segunda Secc.',' ','Distrito Federal',' ',' ','VIPF490815LU9',' ',' ',' ',' ',true);
INSERT INTO cliente (id_cliente, id_tipo_cliente, nombre_moral, nombre_representante, puesto, calle, num_exterior, num_interior, colonia, delegacion_municipio, estado, codigo_postal, pais, rfc, telefono_particular, telefono_movil, email, observaciones, activo) VALUES (78,1,'Antonio Bettech Shabot','Antonio Bettech Shabot',' ','5 De Febrero','805','1','Alamos','Benito Juárez','Distrito Federal',' ',' ','BESA6202208E7',' ',' ',' ',' ',true);
INSERT INTO cliente (id_cliente, id_tipo_cliente, nombre_moral, nombre_representante, puesto, calle, num_exterior, num_interior, colonia, delegacion_municipio, estado, codigo_postal, pais, rfc, telefono_particular, telefono_movil, email, observaciones, activo) VALUES (79,1,'X Galeria,Libreria Y Tienda S.A. De C.V.',' ',' ','Veracrúz','97',' ','Condesa','Cuauhtémoc','Distrito Federal',' ',' ','XGL1103295V6',' ',' ',' ',' ',true);
INSERT INTO cliente (id_cliente, id_tipo_cliente, nombre_moral, nombre_representante, puesto, calle, num_exterior, num_interior, colonia, delegacion_municipio, estado, codigo_postal, pais, rfc, telefono_particular, telefono_movil, email, observaciones, activo) VALUES (80,1,'Nueva Alianza','C.P. Guadalupe Quiroz',' ','Durango','199',' ','Roma','Cuauhtémoc','Distrito Federal',' ',' ','NAL050801458',' ',' ',' ',' ',true);
INSERT INTO cliente (id_cliente, id_tipo_cliente, nombre_moral, nombre_representante, puesto, calle, num_exterior, num_interior, colonia, delegacion_municipio, estado, codigo_postal, pais, rfc, telefono_particular, telefono_movil, email, observaciones, activo) VALUES (81,1,'Cultura Y Arte A.C.',' ',' ','Lucerna','56',' ','Juárez','Cuauhtémoc','Distrito Federal',' ',' ','CAR510419EN0',' ',' ',' ',' ',true);
INSERT INTO cliente (id_cliente, id_tipo_cliente, nombre_moral, nombre_representante, puesto, calle, num_exterior, num_interior, colonia, delegacion_municipio, estado, codigo_postal, pais, rfc, telefono_particular, telefono_movil, email, observaciones, activo) VALUES (82,1,'Impresos Amberes S.A.De C.V.',' ',' ','Puebla','259-A',' ','Roma','Cuauhtémoc','Distrito Federal',' ',' ','IAM1003011KA',' ',' ',' ',' ',true);
INSERT INTO cliente (id_cliente, id_tipo_cliente, nombre_moral, nombre_representante, puesto, calle, num_exterior, num_interior, colonia, delegacion_municipio, estado, codigo_postal, pais, rfc, telefono_particular, telefono_movil, email, observaciones, activo) VALUES (83,1,'Grupo Lucarmo, S.A.De C.V.','Luis Mora',' ','1Er.Callejón De Jaime Nuno','22',' ','Guerrero','Cuauhtémoc','Distrito Federal',' ',' ','GLU090716N12',' ',' ',' ',' ',true);
INSERT INTO cliente (id_cliente, id_tipo_cliente, nombre_moral, nombre_representante, puesto, calle, num_exterior, num_interior, colonia, delegacion_municipio, estado, codigo_postal, pais, rfc, telefono_particular, telefono_movil, email, observaciones, activo) VALUES (84,1,'Union De Empresarios Para La Tecnologia En La Educacion, A.C','Víctor Franco',' ','General Salvador Alvarado','8','201-207','Hipodromo Condesa','Cuauhtémoc','Distrito Federal',' ',' ','UET9909097A4',' ',' ',' ',' ',true);
INSERT INTO cliente (id_cliente, id_tipo_cliente, nombre_moral, nombre_representante, puesto, calle, num_exterior, num_interior, colonia, delegacion_municipio, estado, codigo_postal, pais, rfc, telefono_particular, telefono_movil, email, observaciones, activo) VALUES (85,1,'Secretaria De Turismo',' ',' ','Presidente Masaryk','172',' ','Bosques De Chapultepec',' ','Distrito Federal',' ',' ','STU750101H22',' ',' ',' ',' ',true);
INSERT INTO cliente (id_cliente, id_tipo_cliente, nombre_moral, nombre_representante, puesto, calle, num_exterior, num_interior, colonia, delegacion_municipio, estado, codigo_postal, pais, rfc, telefono_particular, telefono_movil, email, observaciones, activo) VALUES (86,1,'Jeniffer Mirelle Ezquerro Aburto','Jeniffer Mirelle Ezquerro Aburto',' ','Tiburcio Sanchez De La Barquera','97','604','Merced Gomez',' ','Distrito Federal',' ',' ','EUAJ840828I5A',' ',' ',' ',' ',true);
INSERT INTO cliente (id_cliente, id_tipo_cliente, nombre_moral, nombre_representante, puesto, calle, num_exterior, num_interior, colonia, delegacion_municipio, estado, codigo_postal, pais, rfc, telefono_particular, telefono_movil, email, observaciones, activo) VALUES (87,1,'Elia Salazar Landa','Elia Salazar Landa',' ','Av.Plan De Ayala','2000-A','7','Fracc.Cuauhnahuac',' ','Distrito Federal',' ',' ','SALE340723V88',' ',' ',' ',' ',true);
INSERT INTO cliente (id_cliente, id_tipo_cliente, nombre_moral, nombre_representante, puesto, calle, num_exterior, num_interior, colonia, delegacion_municipio, estado, codigo_postal, pais, rfc, telefono_particular, telefono_movil, email, observaciones, activo) VALUES (88,1,'Conejo Blanco Galeria De Libros S.A.De C.V.',' ',' ','Amsterdam','67',' ','Hipodromo Condesa','Cuauhtémoc','Distrito Federal',' ',' ','CGL060529Q72',' ',' ',' ',' ',true);
INSERT INTO cliente (id_cliente, id_tipo_cliente, nombre_moral, nombre_representante, puesto, calle, num_exterior, num_interior, colonia, delegacion_municipio, estado, codigo_postal, pais, rfc, telefono_particular, telefono_movil, email, observaciones, activo) VALUES (89,1,'Joel Sanchez Alvarez','Joel Sanchez Alvarez',' ','Angel Del Campo','101 Piso 1',' ','Obrera','Cuauhtémoc','Distrito Federal',' ',' ','SAAJ7909033ZA',' ',' ',' ',' ',true);
INSERT INTO cliente (id_cliente, id_tipo_cliente, nombre_moral, nombre_representante, puesto, calle, num_exterior, num_interior, colonia, delegacion_municipio, estado, codigo_postal, pais, rfc, telefono_particular, telefono_movil, email, observaciones, activo) VALUES (90,1,'Sistemas De Duplicación, S.A.De C.V.','Adrián Bautista',' ','Lago Silverio','224',' ','Anahuac 1Era.Sección',' ','Distrito Federal',' ',' ','SDU68040883A',' ',' ',' ',' ',true);
INSERT INTO cliente (id_cliente, id_tipo_cliente, nombre_moral, nombre_representante, puesto, calle, num_exterior, num_interior, colonia, delegacion_municipio, estado, codigo_postal, pais, rfc, telefono_particular, telefono_movil, email, observaciones, activo) VALUES (91,1,'Comisión Estatal De Vivienda',' ',' ','Av.Gerardo Pandal Graff','1-E',' ','Reyes Mantecon',' ','Distrito Federal',' ',' ','CEV821016DC0',' ',' ',' ',' ',true);
INSERT INTO cliente (id_cliente, id_tipo_cliente, nombre_moral, nombre_representante, puesto, calle, num_exterior, num_interior, colonia, delegacion_municipio, estado, codigo_postal, pais, rfc, telefono_particular, telefono_movil, email, observaciones, activo) VALUES (92,1,'Juan Jesús Angel Solis','Juan Jesús Angel Solis',' ','Dr.Lucio','103-A3','Lt2.1','Doctores','Cuauhtémoc','Distrito Federal',' ',' ','AESJ661202PD5',' ',' ',' ',' ',true);
INSERT INTO cliente (id_cliente, id_tipo_cliente, nombre_moral, nombre_representante, puesto, calle, num_exterior, num_interior, colonia, delegacion_municipio, estado, codigo_postal, pais, rfc, telefono_particular, telefono_movil, email, observaciones, activo) VALUES (93,1,'Secretaria De Desarrollo Social, Delegación Guerrero',' ',' ','Av.Gabriel Leyva','3',' ','Burocratas',' ','Distrito Federal',' ',' ','SDS920525FT5',' ',' ',' ',' ',true);
INSERT INTO cliente (id_cliente, id_tipo_cliente, nombre_moral, nombre_representante, puesto, calle, num_exterior, num_interior, colonia, delegacion_municipio, estado, codigo_postal, pais, rfc, telefono_particular, telefono_movil, email, observaciones, activo) VALUES (94,1,'Arturo Mora Vazquez Del Mercado','Arturo Mora Vazquez Del Mercado',' ','Eje Central Lazaro Cardenas','177-F',' ','Guerrero','Cuauhtémoc','Distrito Federal',' ',' ','MOVA631203RZ6',' ',' ',' ',' ',true);
INSERT INTO cliente (id_cliente, id_tipo_cliente, nombre_moral, nombre_representante, puesto, calle, num_exterior, num_interior, colonia, delegacion_municipio, estado, codigo_postal, pais, rfc, telefono_particular, telefono_movil, email, observaciones, activo) VALUES (95,1,'Impresora Y Encuadernadora Progreso S.A.De C.V.','Rodrigo Mena',' ','Av.San Lorenzo','244',' ','Paraje San Juan',' ','Distrito Federal',' ',' ','IEP921123J76',' ',' ',' ',' ',true);
INSERT INTO cliente (id_cliente, id_tipo_cliente, nombre_moral, nombre_representante, puesto, calle, num_exterior, num_interior, colonia, delegacion_municipio, estado, codigo_postal, pais, rfc, telefono_particular, telefono_movil, email, observaciones, activo) VALUES (96,1,'Idea Agencia De Comunicación S.A.De C.V.',' ',' ','Av.Agustin Yañez','1253',' ','Sector Popular','Iztapalapa','Distrito Federal',' ',' ','IAC050310BN9',' ',' ',' ',' ',true);
INSERT INTO cliente (id_cliente, id_tipo_cliente, nombre_moral, nombre_representante, puesto, calle, num_exterior, num_interior, colonia, delegacion_municipio, estado, codigo_postal, pais, rfc, telefono_particular, telefono_movil, email, observaciones, activo) VALUES (97,1,'La Buena Estrella Ediciones S.A.De C.V.','Antonio Sánchez Estrella',' ','Playa Erendira','8',' ','Santiago Sur',' ','Distrito Federal',' ',' ','BEE040302AA8',' ',' ',' ',' ',true);
INSERT INTO cliente (id_cliente, id_tipo_cliente, nombre_moral, nombre_representante, puesto, calle, num_exterior, num_interior, colonia, delegacion_municipio, estado, codigo_postal, pais, rfc, telefono_particular, telefono_movil, email, observaciones, activo) VALUES (98,1,'Sria.De Finanzas Y Administracion Del Estado De Guerrero',' ',' ','Boulevard Lic.Rene Juarez Cisneros','62',' ','Ciudad De Los Servicios',' ','Distrito Federal',' ',' ','SFA830301521',' ',' ',' ',' ',true);
INSERT INTO cliente (id_cliente, id_tipo_cliente, nombre_moral, nombre_representante, puesto, calle, num_exterior, num_interior, colonia, delegacion_municipio, estado, codigo_postal, pais, rfc, telefono_particular, telefono_movil, email, observaciones, activo) VALUES (99,1,'Centro De Estudios Para El Cambio En El Campo Mexicano A.C.',' ',' ','Vito Alessio Robles','76','7','Florida',' ','Distrito Federal',' ',' ','CEC921114JM2',' ',' ',' ',' ',true);
INSERT INTO cliente (id_cliente, id_tipo_cliente, nombre_moral, nombre_representante, puesto, calle, num_exterior, num_interior, colonia, delegacion_municipio, estado, codigo_postal, pais, rfc, telefono_particular, telefono_movil, email, observaciones, activo) VALUES (100,1,'Mejia Herrera Giovanna Krishel','Mejia Herrera Giovanna Krishel',' ','Isabel La Catolica','435',' ','Obrera','Cuauhtémoc','Distrito Federal',' ',' ','MEHG820607CG2',' ',' ',' ',' ',true);
INSERT INTO cliente (id_cliente, id_tipo_cliente, nombre_moral, nombre_representante, puesto, calle, num_exterior, num_interior, colonia, delegacion_municipio, estado, codigo_postal, pais, rfc, telefono_particular, telefono_movil, email, observaciones, activo) VALUES (101,1,'Maria Del Carmen Nava Polina','Maria Del Carmen Nava Polina',' ','Hacienda De La Purisima','77',' ','Prados Del Rosario',' ','Distrito Federal',' ',' ','NAPC710628RGA',' ',' ',' ',' ',true);
INSERT INTO cliente (id_cliente, id_tipo_cliente, nombre_moral, nombre_representante, puesto, calle, num_exterior, num_interior, colonia, delegacion_municipio, estado, codigo_postal, pais, rfc, telefono_particular, telefono_movil, email, observaciones, activo) VALUES (102,1,'Mariano Ojeda Cuevas','Mariano Ojeda Cuevas',' ','Rio Guadalquivir','94',' ','Cuauhtemoc','Cuauhtémoc','Distrito Federal',' ',' ','OECM780603K5A',' ',' ',' ',' ',true);
INSERT INTO cliente (id_cliente, id_tipo_cliente, nombre_moral, nombre_representante, puesto, calle, num_exterior, num_interior, colonia, delegacion_municipio, estado, codigo_postal, pais, rfc, telefono_particular, telefono_movil, email, observaciones, activo) VALUES (103,1,'Eco Team S.A. De C.V.',' ',' ','Santo Domingo','139',' ','Santa Apolonia',' ','Distrito Federal',' ',' ','ETE060616C16',' ',' ',' ',' ',true);
INSERT INTO cliente (id_cliente, id_tipo_cliente, nombre_moral, nombre_representante, puesto, calle, num_exterior, num_interior, colonia, delegacion_municipio, estado, codigo_postal, pais, rfc, telefono_particular, telefono_movil, email, observaciones, activo) VALUES (104,1,'Secretaria De Desarrollo Social, Delegación Oaxaca',' ',' ','Carretera Cristóbal Colón Km.6.5 Tramo Oaxaca Tehuantepec',' ',' ',' ',' ','Distrito Federal',' ',' ','SDS920522TI7',' ',' ',' ',' ',true);
INSERT INTO cliente (id_cliente, id_tipo_cliente, nombre_moral, nombre_representante, puesto, calle, num_exterior, num_interior, colonia, delegacion_municipio, estado, codigo_postal, pais, rfc, telefono_particular, telefono_movil, email, observaciones, activo) VALUES (105,1,'Hortencia Diaz Sanchez','Hortencia Diaz Sanchez',' ','Retorno 17','1 L-4',' ','Avante',' ','Distrito Federal',' ',' ','DISH730926SK1',' ',' ',' ',' ',true);
INSERT INTO cliente (id_cliente, id_tipo_cliente, nombre_moral, nombre_representante, puesto, calle, num_exterior, num_interior, colonia, delegacion_municipio, estado, codigo_postal, pais, rfc, telefono_particular, telefono_movil, email, observaciones, activo) VALUES (106,1,'Secretaria De Educación Pública',' ',' ','Nezahualcoyotl','127',' ','Centro','Cuauhtémoc','Distrito Federal',' ',' ','SEP210905778',' ',' ',' ',' ',true);
INSERT INTO cliente (id_cliente, id_tipo_cliente, nombre_moral, nombre_representante, puesto, calle, num_exterior, num_interior, colonia, delegacion_municipio, estado, codigo_postal, pais, rfc, telefono_particular, telefono_movil, email, observaciones, activo) VALUES (107,1,'Yolanda Macías Martínez','Yolanda Macías Martínez',' ','Lago Tláhuac','4-C12',' ','Anáhuac',' ','Distrito Federal',' ',' ','MAMY581218MZ8',' ',' ',' ',' ',true);
INSERT INTO cliente (id_cliente, id_tipo_cliente, nombre_moral, nombre_representante, puesto, calle, num_exterior, num_interior, colonia, delegacion_municipio, estado, codigo_postal, pais, rfc, telefono_particular, telefono_movil, email, observaciones, activo) VALUES (108,1,'Todo De Tubos, Sa.De C.V.',' ',' ','Popotla','75','704','Tizapan San Ángel',' ','Distrito Federal',' ',' ','TTU871212A60',' ',' ',' ',' ',true);
INSERT INTO cliente (id_cliente, id_tipo_cliente, nombre_moral, nombre_representante, puesto, calle, num_exterior, num_interior, colonia, delegacion_municipio, estado, codigo_postal, pais, rfc, telefono_particular, telefono_movil, email, observaciones, activo) VALUES (109,1,'Grafhaus De México, S.A. De C.V.','Fernando Hernández Hernández',' ','Manuel J.Othón','44',' ','Obrera','Cuauhtémoc','Distrito Federal',' ',' ','GME030602CH6',' ',' ',' ',' ',true);
INSERT INTO cliente (id_cliente, id_tipo_cliente, nombre_moral, nombre_representante, puesto, calle, num_exterior, num_interior, colonia, delegacion_municipio, estado, codigo_postal, pais, rfc, telefono_particular, telefono_movil, email, observaciones, activo) VALUES (110,1,'José Ignacio Pelayo Valadez','José Ignacio Pelayo Valadez',' ','Alfredo Chavero','90 B',' ','Obrera','Cuauhtémoc','Distrito Federal',' ',' ','PEVI6409125F7',' ',' ',' ',' ',true);
INSERT INTO cliente (id_cliente, id_tipo_cliente, nombre_moral, nombre_representante, puesto, calle, num_exterior, num_interior, colonia, delegacion_municipio, estado, codigo_postal, pais, rfc, telefono_particular, telefono_movil, email, observaciones, activo) VALUES (111,1,'Tnp Trading S.A. De C.V.',' ',' ','Prolongación Negra Modelo','28',' ','Fracc.Ind.Alce Blanco',' ','Distrito Federal',' ',' ','TTR020530EZ2',' ',' ',' ',' ',true);
INSERT INTO cliente (id_cliente, id_tipo_cliente, nombre_moral, nombre_representante, puesto, calle, num_exterior, num_interior, colonia, delegacion_municipio, estado, codigo_postal, pais, rfc, telefono_particular, telefono_movil, email, observaciones, activo) VALUES (112,1,'Sante Corporel S.A. De C.V.',' ',' ','Lomas Verdes Pte.','205',' ','Lomas De Tetela',' ','Distrito Federal',' ',' ','SCO0307018F7',' ',' ',' ',' ',true);
INSERT INTO cliente (id_cliente, id_tipo_cliente, nombre_moral, nombre_representante, puesto, calle, num_exterior, num_interior, colonia, delegacion_municipio, estado, codigo_postal, pais, rfc, telefono_particular, telefono_movil, email, observaciones, activo) VALUES (113,1,'Manufacturera Metalica,S.A.De C.V.',' ',' ','Av.Miguel Hidalgo','67',' ','Santa Clara Coatitla',' ','Distrito Federal',' ',' ','MME910130QR1',' ',' ',' ',' ',true);
INSERT INTO cliente (id_cliente, id_tipo_cliente, nombre_moral, nombre_representante, puesto, calle, num_exterior, num_interior, colonia, delegacion_municipio, estado, codigo_postal, pais, rfc, telefono_particular, telefono_movil, email, observaciones, activo) VALUES (114,1,'Edimundo, S.A. De C.V.','Ediel Gálvez',' ','Norte 184','666',' ','Pensador Mexicano',' ','Distrito Federal',' ',' ','EDI080125FL7',' ',' ',' ',' ',true);
INSERT INTO cliente (id_cliente, id_tipo_cliente, nombre_moral, nombre_representante, puesto, calle, num_exterior, num_interior, colonia, delegacion_municipio, estado, codigo_postal, pais, rfc, telefono_particular, telefono_movil, email, observaciones, activo) VALUES (115,1,'Secretaria De Salud/Dirección General De Comunicación Social',' ',' ','Lieja','7',' ','Juárez','Cuauhtémoc','Distrito Federal',' ',' ','SSA630502CU1',' ',' ',' ',' ',true);
INSERT INTO cliente (id_cliente, id_tipo_cliente, nombre_moral, nombre_representante, puesto, calle, num_exterior, num_interior, colonia, delegacion_municipio, estado, codigo_postal, pais, rfc, telefono_particular, telefono_movil, email, observaciones, activo) VALUES (116,1,'Fundación Heinrich Boll  E  V',' ',' ','José Alvarado','12-B',' ','Roma Sur','Cuauhtémoc','Distrito Federal',' ',' ','FHB880726BH6',' ',' ',' ',' ',true);
INSERT INTO cliente (id_cliente, id_tipo_cliente, nombre_moral, nombre_representante, puesto, calle, num_exterior, num_interior, colonia, delegacion_municipio, estado, codigo_postal, pais, rfc, telefono_particular, telefono_movil, email, observaciones, activo) VALUES (117,1,'Secretaria De Salud / Ccinshae',' ',' ','Lieja','7',' ','Juárez','Cuauhtémoc','Distrito Federal',' ',' ','SSA630502CU1',' ',' ',' ',' ',true);
INSERT INTO cliente (id_cliente, id_tipo_cliente, nombre_moral, nombre_representante, puesto, calle, num_exterior, num_interior, colonia, delegacion_municipio, estado, codigo_postal, pais, rfc, telefono_particular, telefono_movil, email, observaciones, activo) VALUES (118,1,'Litografía Providencia, S.A.De C.V.','Belem Coello',' ','Oriente 170','121',' ','Moctezuma 2Da.Sección','Venustiano Carranza','Distrito Federal',' ',' ','LPR940721146',' ',' ',' ',' ',true);
INSERT INTO cliente (id_cliente, id_tipo_cliente, nombre_moral, nombre_representante, puesto, calle, num_exterior, num_interior, colonia, delegacion_municipio, estado, codigo_postal, pais, rfc, telefono_particular, telefono_movil, email, observaciones, activo) VALUES (119,1,'Alejandro Zarate Estanislao','Alejandro Zarate Estanislao',' ','Instituto Tecnico Industrial','266',' ','Santo Tomas',' ','Distrito Federal',' ',' ','ZAEA661103TY4',' ',' ',' ',' ',true);
INSERT INTO cliente (id_cliente, id_tipo_cliente, nombre_moral, nombre_representante, puesto, calle, num_exterior, num_interior, colonia, delegacion_municipio, estado, codigo_postal, pais, rfc, telefono_particular, telefono_movil, email, observaciones, activo) VALUES (120,1,'Moises Corrales Cambero','Moises Corrales Cambero',' ','Av. Uno','2120',' ','15 De Mayo',' ','Distrito Federal',' ',' ','COCM760202SY4',' ',' ',' ',' ',true);
INSERT INTO cliente (id_cliente, id_tipo_cliente, nombre_moral, nombre_representante, puesto, calle, num_exterior, num_interior, colonia, delegacion_municipio, estado, codigo_postal, pais, rfc, telefono_particular, telefono_movil, email, observaciones, activo) VALUES (121,1,'Render Display,  S.A. De C.V.',' ',' ','Juan  A. Mateos','121',' ','Obrera','Cuauhtémoc','Distrito Federal',' ',' ','RDI081210LC5',' ',' ',' ',' ',true);
INSERT INTO cliente (id_cliente, id_tipo_cliente, nombre_moral, nombre_representante, puesto, calle, num_exterior, num_interior, colonia, delegacion_municipio, estado, codigo_postal, pais, rfc, telefono_particular, telefono_movil, email, observaciones, activo) VALUES (122,1,'Ricardo Gordillo Medrano','Ricardo Gordillo Medrano',' ','Godard','55-2',' ','Guadalupe Victoria',' ','Distrito Federal',' ',' ','GOMR531009AF8',' ',' ',' ',' ',true);
INSERT INTO cliente (id_cliente, id_tipo_cliente, nombre_moral, nombre_representante, puesto, calle, num_exterior, num_interior, colonia, delegacion_municipio, estado, codigo_postal, pais, rfc, telefono_particular, telefono_movil, email, observaciones, activo) VALUES (123,1,'Rotarismo En México Editores, S.C.','Teresa Villanueva',' ','Paseo De La Reforma','195','P.13-B','Cuauhtemoc','Cuauhtémoc','Distrito Federal',' ',' ','RME920211JQ2',' ',' ',' ',' ',true);
INSERT INTO cliente (id_cliente, id_tipo_cliente, nombre_moral, nombre_representante, puesto, calle, num_exterior, num_interior, colonia, delegacion_municipio, estado, codigo_postal, pais, rfc, telefono_particular, telefono_movil, email, observaciones, activo) VALUES (124,1,'Empresa De Restaurantes De Pollos Asados, S.A.De C.V.',' ',' ','Cuitlahuac','2398 1',' ','Popotla',' ','Distrito Federal',' ',' ','ERP111007TQ6',' ',' ',' ',' ',true);
INSERT INTO cliente (id_cliente, id_tipo_cliente, nombre_moral, nombre_representante, puesto, calle, num_exterior, num_interior, colonia, delegacion_municipio, estado, codigo_postal, pais, rfc, telefono_particular, telefono_movil, email, observaciones, activo) VALUES (125,1,'Maqui Rols S.A.De C.V.','Jorge Rodríguez',' ','Bolivar','397',' ','Obrera','Cuauhtémoc','Distrito Federal',' ',' ','MRO110804U75',' ',' ',' ',' ',true);
INSERT INTO cliente (id_cliente, id_tipo_cliente, nombre_moral, nombre_representante, puesto, calle, num_exterior, num_interior, colonia, delegacion_municipio, estado, codigo_postal, pais, rfc, telefono_particular, telefono_movil, email, observaciones, activo) VALUES (126,1,'Corporación De Servicios Graficos Rojo, S.A.De C.V.',' ',' ','Progreso','10',' ','Centro','Cuauhtémoc','Distrito Federal',' ',' ','CSG0309302C5',' ',' ',' ',' ',true);
INSERT INTO cliente (id_cliente, id_tipo_cliente, nombre_moral, nombre_representante, puesto, calle, num_exterior, num_interior, colonia, delegacion_municipio, estado, codigo_postal, pais, rfc, telefono_particular, telefono_movil, email, observaciones, activo) VALUES (127,1,'Ideas Print&Marketing S.De R.L.De C.V.',' ',' ','Isidro Fabela','12',' ','Chapultepec',' ','Distrito Federal',' ',' ','IPA121025VA4',' ',' ',' ',' ',true);
INSERT INTO cliente (id_cliente, id_tipo_cliente, nombre_moral, nombre_representante, puesto, calle, num_exterior, num_interior, colonia, delegacion_municipio, estado, codigo_postal, pais, rfc, telefono_particular, telefono_movil, email, observaciones, activo) VALUES (128,1,'Asociación Scouts De México, A.C.',' ',' ','Córdoba','57',' ','Roma','Cuauhtémoc','Distrito Federal',' ',' ','ASM4302244H3',' ',' ',' ',' ',true);
INSERT INTO cliente (id_cliente, id_tipo_cliente, nombre_moral, nombre_representante, puesto, calle, num_exterior, num_interior, colonia, delegacion_municipio, estado, codigo_postal, pais, rfc, telefono_particular, telefono_movil, email, observaciones, activo) VALUES (129,1,'Internet Mm Company S De Rl De Cv',' ',' ','Federico T. De La Chica','8','Local A-2','Ciudad Satelite',' ','Distrito Federal',' ',' ','IMM090121JJ7',' ',' ',' ',' ',true);
INSERT INTO cliente (id_cliente, id_tipo_cliente, nombre_moral, nombre_representante, puesto, calle, num_exterior, num_interior, colonia, delegacion_municipio, estado, codigo_postal, pais, rfc, telefono_particular, telefono_movil, email, observaciones, activo) VALUES (130,1,'Jose Genaro Monroy Cortes','Jose Genaro Monroy Cortes',' ','Cozumel','45-A',' ','Roma Norte','Cuauhtémoc','Distrito Federal',' ',' ','MOCG661017RR6',' ',' ',' ',' ',true);
INSERT INTO cliente (id_cliente, id_tipo_cliente, nombre_moral, nombre_representante, puesto, calle, num_exterior, num_interior, colonia, delegacion_municipio, estado, codigo_postal, pais, rfc, telefono_particular, telefono_movil, email, observaciones, activo) VALUES (131,1,'Servicio De Administracion Tributaria',' ',' ','Av. Hidalgo','77',' ','Guerrero','Cuauhtémoc','Distrito Federal',' ',' ','SAT970701NN3',' ',' ',' ',' ',true);
INSERT INTO cliente (id_cliente, id_tipo_cliente, nombre_moral, nombre_representante, puesto, calle, num_exterior, num_interior, colonia, delegacion_municipio, estado, codigo_postal, pais, rfc, telefono_particular, telefono_movil, email, observaciones, activo) VALUES (132,1,'Sep Administración Federal De Servicios Educativos En El Dis',' ',' ','Parroquia','1130 Piso 6',' ','Santa Cruz Atoyac',' ','Distrito Federal',' ',' ','SAF121101UT3',' ',' ',' ',' ',true);
INSERT INTO cliente (id_cliente, id_tipo_cliente, nombre_moral, nombre_representante, puesto, calle, num_exterior, num_interior, colonia, delegacion_municipio, estado, codigo_postal, pais, rfc, telefono_particular, telefono_movil, email, observaciones, activo) VALUES (133,1,'Aarón Josue Vega Arroyo','Aaron Josue Vega Arroyo',' ','Andador Alcatraz','4 Fracc.',' ','Residencial Bugambilias',' ','Distrito Federal',' ',' ','VEAA730606595',' ',' ',' ',' ',true);
INSERT INTO cliente (id_cliente, id_tipo_cliente, nombre_moral, nombre_representante, puesto, calle, num_exterior, num_interior, colonia, delegacion_municipio, estado, codigo_postal, pais, rfc, telefono_particular, telefono_movil, email, observaciones, activo) VALUES (134,1,'Secretaria De Relaciones Exteriores',' ',' ','Plaza Juarez','20',' ','Centro','Cuauhtémoc','Distrito Federal',' ',' ','SRE850101BT4',' ',' ',' ',' ',true);
INSERT INTO cliente (id_cliente, id_tipo_cliente, nombre_moral, nombre_representante, puesto, calle, num_exterior, num_interior, colonia, delegacion_municipio, estado, codigo_postal, pais, rfc, telefono_particular, telefono_movil, email, observaciones, activo) VALUES (135,1,'Eduardo Ruiz Noriega','Eduardo Ruiz Noriega',' ','Suiza','14',' ','Portales Oriente','Benito Juárez','Distrito Federal',' ',' ','RUNE6310145D0',' ',' ',' ',' ',true);
INSERT INTO cliente (id_cliente, id_tipo_cliente, nombre_moral, nombre_representante, puesto, calle, num_exterior, num_interior, colonia, delegacion_municipio, estado, codigo_postal, pais, rfc, telefono_particular, telefono_movil, email, observaciones, activo) VALUES (136,1,'Instituto Nacional De Bellas Artes Y Literatura',' ',' ','San Antonio Abad','130',' ','Transito','Cuauhtémoc','Distrito Federal',' ',' ','INB470101FA5',' ',' ',' ',' ',true);
INSERT INTO cliente (id_cliente, id_tipo_cliente, nombre_moral, nombre_representante, puesto, calle, num_exterior, num_interior, colonia, delegacion_municipio, estado, codigo_postal, pais, rfc, telefono_particular, telefono_movil, email, observaciones, activo) VALUES (137,1,'Edmundo Munguía Lozano','Edmundo Munguía Lozano',' ','Laguna De Terminos','386',' ','Anahuac',' ','Distrito Federal',' ',' ','MULE400604TP6',' ',' ',' ',' ',true);
INSERT INTO cliente (id_cliente, id_tipo_cliente, nombre_moral, nombre_representante, puesto, calle, num_exterior, num_interior, colonia, delegacion_municipio, estado, codigo_postal, pais, rfc, telefono_particular, telefono_movil, email, observaciones, activo) VALUES (138,1,'Secretaria Del Trabajo Y Previsión Social',' ',' ','Av. Anillo Periférico Sur','4271',' ','Fuentes Del Pedregal',' ','Distrito Federal',' ',' ','STP401231P53',' ',' ',' ',' ',true);
INSERT INTO cliente (id_cliente, id_tipo_cliente, nombre_moral, nombre_representante, puesto, calle, num_exterior, num_interior, colonia, delegacion_municipio, estado, codigo_postal, pais, rfc, telefono_particular, telefono_movil, email, observaciones, activo) VALUES (139,1,'Grupo Grafico Arenal, S.A. De C.V.',' ',' ','Carretera Picacho Ajusco Km 12.65','Mz 10',' ','Heroes De 1910',' ','Distrito Federal',' ',' ','GGA9806048W7',' ',' ',' ',' ',true);
INSERT INTO cliente (id_cliente, id_tipo_cliente, nombre_moral, nombre_representante, puesto, calle, num_exterior, num_interior, colonia, delegacion_municipio, estado, codigo_postal, pais, rfc, telefono_particular, telefono_movil, email, observaciones, activo) VALUES (140,1,'Instituto Nacional De Neurologia Y Neurocirugia',' ',' ','Av.Insurgentes Sur','3877',' ','La Fama',' ','Distrito Federal',' ',' ','INN900727UE1',' ',' ',' ',' ',true);
INSERT INTO cliente (id_cliente, id_tipo_cliente, nombre_moral, nombre_representante, puesto, calle, num_exterior, num_interior, colonia, delegacion_municipio, estado, codigo_postal, pais, rfc, telefono_particular, telefono_movil, email, observaciones, activo) VALUES (141,1,'Artemio Victor Cruz Leon','Artemio Victor Cruz Leon',' ','Maria Tomasa Esteves','40','9','Carmen Serdan',' ','Distrito Federal',' ',' ','CULA570420Q54',' ',' ',' ',' ',true);
INSERT INTO cliente (id_cliente, id_tipo_cliente, nombre_moral, nombre_representante, puesto, calle, num_exterior, num_interior, colonia, delegacion_municipio, estado, codigo_postal, pais, rfc, telefono_particular, telefono_movil, email, observaciones, activo) VALUES (142,1,'Litografía Visual, S.A.De C.V.',' ',' ','Heriberto Frías','812',' ','Del Valle','Benito Juárez','Distrito Federal',' ',' ','LVI1011193Y1',' ',' ',' ',' ',true);
INSERT INTO cliente (id_cliente, id_tipo_cliente, nombre_moral, nombre_representante, puesto, calle, num_exterior, num_interior, colonia, delegacion_municipio, estado, codigo_postal, pais, rfc, telefono_particular, telefono_movil, email, observaciones, activo) VALUES (143,1,'Secretaría De Gobernación',' ',' ','Bucareli','99',' ','Juárez','Cuauhtémoc','Distrito Federal',' ',' ','SGO8501012H2',' ',' ',' ',' ',true);
INSERT INTO cliente (id_cliente, id_tipo_cliente, nombre_moral, nombre_representante, puesto, calle, num_exterior, num_interior, colonia, delegacion_municipio, estado, codigo_postal, pais, rfc, telefono_particular, telefono_movil, email, observaciones, activo) VALUES (144,1,'Erika Salinas Chavelas','Erika Salinas Chavelas',' ','Av.Ruffo Figueroa','32 Mz E','Lt12-2','Adolfo Lopez Mateos',' ','Distrito Federal',' ',' ','SACE841027PL7',' ',' ',' ',' ',true);
INSERT INTO cliente (id_cliente, id_tipo_cliente, nombre_moral, nombre_representante, puesto, calle, num_exterior, num_interior, colonia, delegacion_municipio, estado, codigo_postal, pais, rfc, telefono_particular, telefono_movil, email, observaciones, activo) VALUES (145,1,'Carlos Crosswell Martínez','Carlos Crosswell Martínez',' ','Eje Central Lázaro Cardenas','395-2',' ','Narvarte','Benito Juárez','Distrito Federal',' ',' ','COMC711207RP6',' ',' ',' ',' ',true);
INSERT INTO cliente (id_cliente, id_tipo_cliente, nombre_moral, nombre_representante, puesto, calle, num_exterior, num_interior, colonia, delegacion_municipio, estado, codigo_postal, pais, rfc, telefono_particular, telefono_movil, email, observaciones, activo) VALUES (146,1,'Vicente Aguilar Paredes','Vicente Aguilar Paredes',' ','Privada Prolongación Historiadores','8',' ','Apatlaco',' ','Distrito Federal',' ',' ','AUPV530830LH5',' ',' ',' ',' ',true);
INSERT INTO cliente (id_cliente, id_tipo_cliente, nombre_moral, nombre_representante, puesto, calle, num_exterior, num_interior, colonia, delegacion_municipio, estado, codigo_postal, pais, rfc, telefono_particular, telefono_movil, email, observaciones, activo) VALUES (147,1,'Project Desing And Four Inks S.A. De C.V.',' ',' ','Suiza','14',' ','Portales','Benito Juárez','Distrito Federal',' ',' ','PDF100318IP9',' ',' ',' ',' ',true);
INSERT INTO cliente (id_cliente, id_tipo_cliente, nombre_moral, nombre_representante, puesto, calle, num_exterior, num_interior, colonia, delegacion_municipio, estado, codigo_postal, pais, rfc, telefono_particular, telefono_movil, email, observaciones, activo) VALUES (148,1,'Asamblea Legislativa Del Distrito Federal',' ',' ','Donceles Esq.Allende','S/N',' ','Centro Historico','Cuauhtémoc','Distrito Federal',' ',' ','ALD971028S24',' ',' ',' ',' ',true);
INSERT INTO cliente (id_cliente, id_tipo_cliente, nombre_moral, nombre_representante, puesto, calle, num_exterior, num_interior, colonia, delegacion_municipio, estado, codigo_postal, pais, rfc, telefono_particular, telefono_movil, email, observaciones, activo) VALUES (149,1,'Cruz Luis Canacasco Jimenez','Cruz Luis Canacasco Jimenez',' ','Sur  79','290','3','Merced Balbuena','Venustiano Carranza','Distrito Federal',' ',' ','CAJC500503BK5',' ',' ',' ',' ',true);
INSERT INTO cliente (id_cliente, id_tipo_cliente, nombre_moral, nombre_representante, puesto, calle, num_exterior, num_interior, colonia, delegacion_municipio, estado, codigo_postal, pais, rfc, telefono_particular, telefono_movil, email, observaciones, activo) VALUES (150,1,'Toma Digital S. De R.L. De C.V.',' ',' ','Juan Hernández  Y  Davalos','85',' ','Algarín','Cuauhtémoc','Distrito Federal',' ',' ','TDI121212QJ2',' ',' ',' ',' ',true);
INSERT INTO cliente (id_cliente, id_tipo_cliente, nombre_moral, nombre_representante, puesto, calle, num_exterior, num_interior, colonia, delegacion_municipio, estado, codigo_postal, pais, rfc, telefono_particular, telefono_movil, email, observaciones, activo) VALUES (151,1,'Secretaría De Desarrollo Agrario,Territorial Y Urbano',' ',' ','Av.Heroica Escuela Naval Militar','701',' ','Presidentes Ejidales 2Da.Sección',' ','Distrito Federal',' ',' ','SRA750101RB7',' ',' ',' ',' ',true);
INSERT INTO cliente (id_cliente, id_tipo_cliente, nombre_moral, nombre_representante, puesto, calle, num_exterior, num_interior, colonia, delegacion_municipio, estado, codigo_postal, pais, rfc, telefono_particular, telefono_movil, email, observaciones, activo) VALUES (152,1,'Rosa Guadalupe Martinez Perez','Rosa Guadalupe Martinez Perez',' ','Rio Coatzacoalcos','Mz 8 Lt 162',' ','Sector  J. Santa Cruz Huatulco',' ','Distrito Federal',' ',' ','MAPR840122JE3',' ',' ',' ',' ',true);
INSERT INTO cliente (id_cliente, id_tipo_cliente, nombre_moral, nombre_representante, puesto, calle, num_exterior, num_interior, colonia, delegacion_municipio, estado, codigo_postal, pais, rfc, telefono_particular, telefono_movil, email, observaciones, activo) VALUES (153,1,'Cesar Anibal Transito Leal','Cesar Anibal Transito Leal',' ','Sancho Panza','Mz.6, Lt.8',' ','La Mancha 1',' ','Distrito Federal',' ',' ','TALC750512B13',' ',' ',' ',' ',true);
INSERT INTO cliente (id_cliente, id_tipo_cliente, nombre_moral, nombre_representante, puesto, calle, num_exterior, num_interior, colonia, delegacion_municipio, estado, codigo_postal, pais, rfc, telefono_particular, telefono_movil, email, observaciones, activo) VALUES (154,1,'Impresos Litopolis, S.A. De C.V.',' ',' ','Marcelino Davalos','30',' ','Algarín','Cuauhtémoc','Distrito Federal',' ',' ','ILI960207P76',' ',' ',' ',' ',true);
INSERT INTO cliente (id_cliente, id_tipo_cliente, nombre_moral, nombre_representante, puesto, calle, num_exterior, num_interior, colonia, delegacion_municipio, estado, codigo_postal, pais, rfc, telefono_particular, telefono_movil, email, observaciones, activo) VALUES (155,1,'Julian Garcia Villagomez','Julian Garcia Villagomez',' ','San Borja','1457',' ','Vertiz Narvarte','Benito Juárez','Distrito Federal',' ',' ','GAVJ801128QM0',' ',' ',' ',' ',true);
INSERT INTO cliente (id_cliente, id_tipo_cliente, nombre_moral, nombre_representante, puesto, calle, num_exterior, num_interior, colonia, delegacion_municipio, estado, codigo_postal, pais, rfc, telefono_particular, telefono_movil, email, observaciones, activo) VALUES (156,1,'Papel Invita, S.A. De C.V.','Ricardo Pineda',' ','Montecito','38 Piso 8',' Ofna 8','Napoles','Benito Juárez','Distrito Federal',' ',' ','PIN1308218SA',' ',' ',' ',' ',true);
INSERT INTO cliente (id_cliente, id_tipo_cliente, nombre_moral, nombre_representante, puesto, calle, num_exterior, num_interior, colonia, delegacion_municipio, estado, codigo_postal, pais, rfc, telefono_particular, telefono_movil, email, observaciones, activo) VALUES (157,1,'Soluciones Geluz S.A. De C.V.',' ',' ','Cerrada 2A De San Francisco','38',' ','San Francisco Xicaltongo',' ','Distrito Federal',' ',' ','SGE100823385',' ',' ',' ',' ',true);
INSERT INTO cliente (id_cliente, id_tipo_cliente, nombre_moral, nombre_representante, puesto, calle, num_exterior, num_interior, colonia, delegacion_municipio, estado, codigo_postal, pais, rfc, telefono_particular, telefono_movil, email, observaciones, activo) VALUES (158,1,'Instituto Mexicano Del Seguro Social',' ',' ','Avenida Paseo De La Reforma','476',' ','Juárez','Cuauhtémoc','Distrito Federal',' ',' ','IMS421231I45',' ',' ',' ',' ',true);
INSERT INTO cliente (id_cliente, id_tipo_cliente, nombre_moral, nombre_representante, puesto, calle, num_exterior, num_interior, colonia, delegacion_municipio, estado, codigo_postal, pais, rfc, telefono_particular, telefono_movil, email, observaciones, activo) VALUES (159,1,'Alianza Impresos Y Sellos S.A. De C.V.','Enrique López',' ','28-A','46',' ','San Jose De La Escalera',' ','Distrito Federal',' ',' ','AIS970924VA8',' ',' ',' ',' ',true);
INSERT INTO cliente (id_cliente, id_tipo_cliente, nombre_moral, nombre_representante, puesto, calle, num_exterior, num_interior, colonia, delegacion_municipio, estado, codigo_postal, pais, rfc, telefono_particular, telefono_movil, email, observaciones, activo) VALUES (160,1,'Berta Sonia Zenteno Calderon','Berta Sonia Zenteno Calderon',' ','Tlacotalpan','133',' ','Roma Sur','Cuauhtémoc','Distrito Federal',' ',' ','ZECB620807LD9',' ',' ',' ',' ',true);
INSERT INTO cliente (id_cliente, id_tipo_cliente, nombre_moral, nombre_representante, puesto, calle, num_exterior, num_interior, colonia, delegacion_municipio, estado, codigo_postal, pais, rfc, telefono_particular, telefono_movil, email, observaciones, activo) VALUES (161,1,'Patronato De La Facultad De Quimica Unam  A.C.',' ',' ','Circuito Interior Facultad De Química','Edif. B 107',' ','Ciudad Universitaria','Coyoacán','Distrito Federal',' ',' ','PFQ901011I4A',' ',' ',' ',' ',true);
INSERT INTO cliente (id_cliente, id_tipo_cliente, nombre_moral, nombre_representante, puesto, calle, num_exterior, num_interior, colonia, delegacion_municipio, estado, codigo_postal, pais, rfc, telefono_particular, telefono_movil, email, observaciones, activo) VALUES (162,1,'Encuadernaciones Maguntis,S.A.De C.V.',' ',' ','Batalla De Calpulalpan','Mz.164','Lt.1876 A','Leyes De Reforma','Iztapalapa','Distrito Federal',' ',' ','EMA070711DY3',' ',' ',' ',' ',true);
INSERT INTO cliente (id_cliente, id_tipo_cliente, nombre_moral, nombre_representante, puesto, calle, num_exterior, num_interior, colonia, delegacion_municipio, estado, codigo_postal, pais, rfc, telefono_particular, telefono_movil, email, observaciones, activo) VALUES (163,1,'Impresos Paulus, S.A. De C.V.','Celso Uribe Trejo',' ','Horacio Nelsón','83',' ','Moderna',' ','Distrito Federal',' ',' ','IPA130206143',' ',' ',' ',' ',true);
INSERT INTO cliente (id_cliente, id_tipo_cliente, nombre_moral, nombre_representante, puesto, calle, num_exterior, num_interior, colonia, delegacion_municipio, estado, codigo_postal, pais, rfc, telefono_particular, telefono_movil, email, observaciones, activo) VALUES (164,1,'Leo Pharmaceuticals S De R.L. De C.V.',' ',' ','Blvd.Adolfo Ruiz Cortines','3642 Piso 12',' ','Jardines Del Pedregal',' ','Distrito Federal',' ',' ','LPH121012RG3',' ',' ',' ',' ',true);
INSERT INTO cliente (id_cliente, id_tipo_cliente, nombre_moral, nombre_representante, puesto, calle, num_exterior, num_interior, colonia, delegacion_municipio, estado, codigo_postal, pais, rfc, telefono_particular, telefono_movil, email, observaciones, activo) VALUES (165,1,'Gyltronics S.A. De C.V.',' ',' ','Av.Cuauhtemoc','587',' ','Narvarte','Benito Juárez','Distrito Federal',' ',' ','GSX000412162',' ',' ',' ',' ',true);
INSERT INTO cliente (id_cliente, id_tipo_cliente, nombre_moral, nombre_representante, puesto, calle, num_exterior, num_interior, colonia, delegacion_municipio, estado, codigo_postal, pais, rfc, telefono_particular, telefono_movil, email, observaciones, activo) VALUES (166,1,'Laura Sakuntala Ortiz Lozano','Laura Sakuntala Ortiz Lozano',' ','Av.16 De Septiembre','200',' ','Tepepan',' ','Distrito Federal',' ',' ','OILL671104R99',' ',' ',' ',' ',true);
INSERT INTO cliente (id_cliente, id_tipo_cliente, nombre_moral, nombre_representante, puesto, calle, num_exterior, num_interior, colonia, delegacion_municipio, estado, codigo_postal, pais, rfc, telefono_particular, telefono_movil, email, observaciones, activo) VALUES (167,1,'Agustín Aparicio Gonzaga','Agustín Aparicio Gonzaga',' ','Plazuela Revolución','20',' ','Magdalena Mixhuca',' ','Distrito Federal',' ',' ','AAGA710828CF6',' ',' ',' ',' ',true);
INSERT INTO cliente (id_cliente, id_tipo_cliente, nombre_moral, nombre_representante, puesto, calle, num_exterior, num_interior, colonia, delegacion_municipio, estado, codigo_postal, pais, rfc, telefono_particular, telefono_movil, email, observaciones, activo) VALUES (168,1,'Humberto Cuauhtémoc Mendez Elizalde','Humberto Cuauhtémoc Mendez Elizalde',' ','Papantla','3 Acc',' ','Santa Catarina',' ','Distrito Federal',' ',' ','MEEH540306633',' ',' ',' ',' ',true);
INSERT INTO cliente (id_cliente, id_tipo_cliente, nombre_moral, nombre_representante, puesto, calle, num_exterior, num_interior, colonia, delegacion_municipio, estado, codigo_postal, pais, rfc, telefono_particular, telefono_movil, email, observaciones, activo) VALUES (169,1,'Griselda Edith Blanco Hernandez','Griselda Edith Blanco Hernandez',' ','Av 5 De Mayo','32',' ','Zapote Gordo',' ','Distrito Federal',' ',' ','BAHG7211012B3',' ',' ',' ',' ',true);
INSERT INTO cliente (id_cliente, id_tipo_cliente, nombre_moral, nombre_representante, puesto, calle, num_exterior, num_interior, colonia, delegacion_municipio, estado, codigo_postal, pais, rfc, telefono_particular, telefono_movil, email, observaciones, activo) VALUES (170,1,'Soltar Impresores S.A.De C.V.','Ing. Hugo Betancourt',' ','Cafetal','496',' ','Granjas México','Iztacalco','Distrito Federal',' ',' ','SIM111027F93',' ',' ',' ',' ',true);
INSERT INTO cliente (id_cliente, id_tipo_cliente, nombre_moral, nombre_representante, puesto, calle, num_exterior, num_interior, colonia, delegacion_municipio, estado, codigo_postal, pais, rfc, telefono_particular, telefono_movil, email, observaciones, activo) VALUES (171,1,'Litográfica Bretaña, Sa.De C.V.',' ',' ','Av. Bretaña','201',' ','San Andrés Tetepilco','Iztapalapa','Distrito Federal',' ',' ','LBR080903TI7',' ',' ',' ',' ',true);
INSERT INTO cliente (id_cliente, id_tipo_cliente, nombre_moral, nombre_representante, puesto, calle, num_exterior, num_interior, colonia, delegacion_municipio, estado, codigo_postal, pais, rfc, telefono_particular, telefono_movil, email, observaciones, activo) VALUES (172,1,'Paulo Cesar Farias Gama','Paulo Cesar Farias Gama',' ','5 De Febrero','324 Loc.F',' ','Obrera','Cuauhtémoc','Distrito Federal',' ',' ','FAGP750130PN2',' ',' ',' ',' ',true);
INSERT INTO cliente (id_cliente, id_tipo_cliente, nombre_moral, nombre_representante, puesto, calle, num_exterior, num_interior, colonia, delegacion_municipio, estado, codigo_postal, pais, rfc, telefono_particular, telefono_movil, email, observaciones, activo) VALUES (173,1,'Beneli Hermanos, S.A. De C.V.','Juan Carlos Nogueda',' ','Avena','113',' ','Granjas México','Iztacalco','Distrito Federal',' ',' ','BHE110805G21',' ',' ',' ',' ',true);
INSERT INTO cliente (id_cliente, id_tipo_cliente, nombre_moral, nombre_representante, puesto, calle, num_exterior, num_interior, colonia, delegacion_municipio, estado, codigo_postal, pais, rfc, telefono_particular, telefono_movil, email, observaciones, activo) VALUES (174,1,'Maria Del Carmen Arangoa García','Maria Del Carmen Arangoa García',' ','Aragon','37','603','Alamos','Benito Juárez','Distrito Federal',' ',' ','AAGC7605115F7',' ',' ',' ',' ',true);
INSERT INTO cliente (id_cliente, id_tipo_cliente, nombre_moral, nombre_representante, puesto, calle, num_exterior, num_interior, colonia, delegacion_municipio, estado, codigo_postal, pais, rfc, telefono_particular, telefono_movil, email, observaciones, activo) VALUES (175,1,'Maria Guadalupe Germania Méndez Feregrino','Maria Guadalupe Germania Méndez Feregrino',' ','Unidad Xochinahuac','Edif.16','Depto.304','San Martín Xochinahuac',' ','Distrito Federal',' ',' ','MEFG701022US5',' ',' ',' ',' ',true);
INSERT INTO cliente (id_cliente, id_tipo_cliente, nombre_moral, nombre_representante, puesto, calle, num_exterior, num_interior, colonia, delegacion_municipio, estado, codigo_postal, pais, rfc, telefono_particular, telefono_movil, email, observaciones, activo) VALUES (176,1,'Improboutique,S.De R.L.De C.V.',' ',' ','Felipe Villanueva','185','A001','Peralvillo','Cuauhtémoc','Distrito Federal',' ',' ','IMP120130DC1',' ',' ',' ',' ',true);
INSERT INTO cliente (id_cliente, id_tipo_cliente, nombre_moral, nombre_representante, puesto, calle, num_exterior, num_interior, colonia, delegacion_municipio, estado, codigo_postal, pais, rfc, telefono_particular, telefono_movil, email, observaciones, activo) VALUES (177,1,'Alicia Fraga Breton','Alicia Fraga Bretón',' ','Priv. Los Olivos','108',' ','Fracc. San Francisco',' ','Distrito Federal',' ',' ','FABA720525ND0',' ',' ',' ',' ',true);
INSERT INTO cliente (id_cliente, id_tipo_cliente, nombre_moral, nombre_representante, puesto, calle, num_exterior, num_interior, colonia, delegacion_municipio, estado, codigo_postal, pais, rfc, telefono_particular, telefono_movil, email, observaciones, activo) VALUES (178,1,'Explo World S.A. De C.V.','Sandra Martínez D.',' ','Central','63',' ','Atlántida',' ','Distrito Federal',' ',' ','EWO0204053F3',' ',' ',' ',' ',true);
INSERT INTO cliente (id_cliente, id_tipo_cliente, nombre_moral, nombre_representante, puesto, calle, num_exterior, num_interior, colonia, delegacion_municipio, estado, codigo_postal, pais, rfc, telefono_particular, telefono_movil, email, observaciones, activo) VALUES (179,1,'Cristina Hernandez Moreno','Cristina Hernandez Moreno',' ','Av.Cuauhtémoc','232','Loc.7','Tropicana',' ','Distrito Federal',' ',' ','HEMC4811271B8',' ',' ',' ',' ',true);
INSERT INTO cliente (id_cliente, id_tipo_cliente, nombre_moral, nombre_representante, puesto, calle, num_exterior, num_interior, colonia, delegacion_municipio, estado, codigo_postal, pais, rfc, telefono_particular, telefono_movil, email, observaciones, activo) VALUES (180,1,'Graficos Digitales Avanzados S.A.De C.V.',' ',' ','Georgia','181',' ','Napoles',' ','Distrito Federal',' ',' ','GDA040126AT0',' ',' ',' ',' ',true);
INSERT INTO cliente (id_cliente, id_tipo_cliente, nombre_moral, nombre_representante, puesto, calle, num_exterior, num_interior, colonia, delegacion_municipio, estado, codigo_postal, pais, rfc, telefono_particular, telefono_movil, email, observaciones, activo) VALUES (181,1,'Juan Alejandro Tirxmaurice Chavez','Juan Alejandro Tirxmaurice Chavez',' ','Antonio Caso','98','206','San Rafael',' ','Distrito Federal',' ',' ','TICJ860901EJ2',' ',' ',' ',' ',true);
INSERT INTO cliente (id_cliente, id_tipo_cliente, nombre_moral, nombre_representante, puesto, calle, num_exterior, num_interior, colonia, delegacion_municipio, estado, codigo_postal, pais, rfc, telefono_particular, telefono_movil, email, observaciones, activo) VALUES (182,1,'Creaciones Industriales Y Deportivas S.A.De C.V.',' ',' ','Carr Pachuca Cd Sahagun','Km29',' ','Venustiano Carranza',' ','Distrito Federal',' ',' ','CID910220BP6',' ',' ',' ',' ',true);
INSERT INTO cliente (id_cliente, id_tipo_cliente, nombre_moral, nombre_representante, puesto, calle, num_exterior, num_interior, colonia, delegacion_municipio, estado, codigo_postal, pais, rfc, telefono_particular, telefono_movil, email, observaciones, activo) VALUES (183,1,'Josefa Lopez Arvizu','Josefa Lopez Arvizu',' ','Moctezuma','39-D',' ','Guerrero','Cuauhtémoc','Distrito Federal',' ',' ','LOAJ6804272K1',' ',' ',' ',' ',true);
INSERT INTO cliente (id_cliente, id_tipo_cliente, nombre_moral, nombre_representante, puesto, calle, num_exterior, num_interior, colonia, delegacion_municipio, estado, codigo_postal, pais, rfc, telefono_particular, telefono_movil, email, observaciones, activo) VALUES (184,1,'Ramirez García Juan','Ramirez García Juan',' ','Joaquín Baranda','14',' ','El Santuario',' ','Distrito Federal',' ',' ','RAGJ760317574',' ',' ',' ',' ',true);
INSERT INTO cliente (id_cliente, id_tipo_cliente, nombre_moral, nombre_representante, puesto, calle, num_exterior, num_interior, colonia, delegacion_municipio, estado, codigo_postal, pais, rfc, telefono_particular, telefono_movil, email, observaciones, activo) VALUES (185,1,'Copypress, S.A. De C.V.',' ',' ','Serafin Olarte','59','1','Independencia',' ','Distrito Federal',' ',' ','COP930625UH5',' ',' ',' ',' ',true);
INSERT INTO cliente (id_cliente, id_tipo_cliente, nombre_moral, nombre_representante, puesto, calle, num_exterior, num_interior, colonia, delegacion_municipio, estado, codigo_postal, pais, rfc, telefono_particular, telefono_movil, email, observaciones, activo) VALUES (186,1,'Profesionales En Convenciones, S.A.De C.V.',' ',' ','Montecito','38 Piso 27','Ofna. 23','Nápoles',' ','Distrito Federal',' ',' ','PCO8612242B7',' ',' ',' ',' ',true);
INSERT INTO cliente (id_cliente, id_tipo_cliente, nombre_moral, nombre_representante, puesto, calle, num_exterior, num_interior, colonia, delegacion_municipio, estado, codigo_postal, pais, rfc, telefono_particular, telefono_movil, email, observaciones, activo) VALUES (187,1,'Soluciones Creativas En Impresión, S.A. De C.V.',' ',' ','Oaxaca','31','Loc. C','Roma Norte','Cuauhtémoc','Distrito Federal',' ',' ','SCI0808263B2',' ',' ',' ',' ',true);
INSERT INTO cliente (id_cliente, id_tipo_cliente, nombre_moral, nombre_representante, puesto, calle, num_exterior, num_interior, colonia, delegacion_municipio, estado, codigo_postal, pais, rfc, telefono_particular, telefono_movil, email, observaciones, activo) VALUES (188,1,'Saberes Locales  A.C.',' ',' ','Gomez Farias','81',' ','El Grullo Centro',' ','Distrito Federal',' ',' ','SLO130814QX1',' ',' ',' ',' ',true);
INSERT INTO cliente (id_cliente, id_tipo_cliente, nombre_moral, nombre_representante, puesto, calle, num_exterior, num_interior, colonia, delegacion_municipio, estado, codigo_postal, pais, rfc, telefono_particular, telefono_movil, email, observaciones, activo) VALUES (189,1,'Manuel Lanz Novelo','Manuel Lanz Novelo',' ','Queretaro','8','1','Santa Ana',' ','Distrito Federal',' ',' ','LANM591023TE3',' ',' ',' ',' ',true);
INSERT INTO cliente (id_cliente, id_tipo_cliente, nombre_moral, nombre_representante, puesto, calle, num_exterior, num_interior, colonia, delegacion_municipio, estado, codigo_postal, pais, rfc, telefono_particular, telefono_movil, email, observaciones, activo) VALUES (190,1,'Learsi Papelería E Impresos, S.A. De C.V.',' ',' ','Mariano Azuela','235-A',' ','Santa Maria La Ribera',' ','Distrito Federal',' ',' ','LPI020808B46',' ',' ',' ',' ',true);
INSERT INTO cliente (id_cliente, id_tipo_cliente, nombre_moral, nombre_representante, puesto, calle, num_exterior, num_interior, colonia, delegacion_municipio, estado, codigo_postal, pais, rfc, telefono_particular, telefono_movil, email, observaciones, activo) VALUES (191,1,'Sylvia Verónica Sugich Torres','Sylvia Verónica Sugich Torres',' ','Guadalajara','94-A','19-A','Condesa','Cuauhtémoc','Distrito Federal',' ',' ','SUTS640502ER4',' ',' ',' ',' ',true);
INSERT INTO cliente (id_cliente, id_tipo_cliente, nombre_moral, nombre_representante, puesto, calle, num_exterior, num_interior, colonia, delegacion_municipio, estado, codigo_postal, pais, rfc, telefono_particular, telefono_movil, email, observaciones, activo) VALUES (192,1,'Diana Berenice García Onofre','Diana Berenice García Onofre',' ','Rio Pilcomayo','60',' ','Argentina Poniente',' ','Distrito Federal',' ',' ','GAOD9401167G1',' ',' ',' ',' ',true);
INSERT INTO cliente (id_cliente, id_tipo_cliente, nombre_moral, nombre_representante, puesto, calle, num_exterior, num_interior, colonia, delegacion_municipio, estado, codigo_postal, pais, rfc, telefono_particular, telefono_movil, email, observaciones, activo) VALUES (193,1,'David Rodriguez España','David Rodriguez España',' ','Andador 10 De Retoño','Lt.34',' ','El Retoño','Iztapalapa','Distrito Federal',' ',' ','ROED880524SB5',' ',' ',' ',' ',true);
INSERT INTO cliente (id_cliente, id_tipo_cliente, nombre_moral, nombre_representante, puesto, calle, num_exterior, num_interior, colonia, delegacion_municipio, estado, codigo_postal, pais, rfc, telefono_particular, telefono_movil, email, observaciones, activo) VALUES (194,1,'Betech Shabot Ezra','Betech Shabot Ezra',' ','Manuel Acuña','110',' ','Barrio San Pedro',' ','Distrito Federal',' ',' ','BESE560822MN4',' ',' ',' ',' ',true);
INSERT INTO cliente (id_cliente, id_tipo_cliente, nombre_moral, nombre_representante, puesto, calle, num_exterior, num_interior, colonia, delegacion_municipio, estado, codigo_postal, pais, rfc, telefono_particular, telefono_movil, email, observaciones, activo) VALUES (195,1,'Amy Imagen Y Servicios S.A. De C.V.',' ',' ','Sur 67-A','3126',' ','Viaducto Piedad',' ','Distrito Federal',' ',' ','AIY0808141N0',' ',' ',' ',' ',true);
INSERT INTO cliente (id_cliente, id_tipo_cliente, nombre_moral, nombre_representante, puesto, calle, num_exterior, num_interior, colonia, delegacion_municipio, estado, codigo_postal, pais, rfc, telefono_particular, telefono_movil, email, observaciones, activo) VALUES (196,1,'Federación Mexicana De Tenis De Mesa  Ac',' ',' ','Av. Río Churubusco Puerta 9 Ciudad Deportiva','Piso 2','Oficina 216','Magdalena Mixhuca',' ','Distrito Federal',' ',' ','FMT840208SS0',' ',' ',' ',' ',true);
INSERT INTO cliente (id_cliente, id_tipo_cliente, nombre_moral, nombre_representante, puesto, calle, num_exterior, num_interior, colonia, delegacion_municipio, estado, codigo_postal, pais, rfc, telefono_particular, telefono_movil, email, observaciones, activo) VALUES (197,1,'Instituto Politecnico Nacional',' ',' ','Av. Miguel Othon De Mendizabal','S/N',' ','La Escalera',' ','Distrito Federal',' ',' ','IPN811229H26',' ',' ',' ',' ',true);
INSERT INTO cliente (id_cliente, id_tipo_cliente, nombre_moral, nombre_representante, puesto, calle, num_exterior, num_interior, colonia, delegacion_municipio, estado, codigo_postal, pais, rfc, telefono_particular, telefono_movil, email, observaciones, activo) VALUES (198,1,'Office Print Amg S.A. De C.V.','Anel Mata',' ','Toribio Medina','122','Loc. D','Algarín','Cuauhtémoc','Distrito Federal',' ',' ','OPA120725KG8',' ',' ',' ',' ',true);
INSERT INTO cliente (id_cliente, id_tipo_cliente, nombre_moral, nombre_representante, puesto, calle, num_exterior, num_interior, colonia, delegacion_municipio, estado, codigo_postal, pais, rfc, telefono_particular, telefono_movil, email, observaciones, activo) VALUES (199,1,'Teodoro Mario Alonso Paniagua','Teodoro Mario Alonso Paniagua',' ','Popotla','75','304','Tizapan San Angel',' ','Distrito Federal',' ',' ','AOPT570202RT6',' ',' ',' ',' ',true);
INSERT INTO cliente (id_cliente, id_tipo_cliente, nombre_moral, nombre_representante, puesto, calle, num_exterior, num_interior, colonia, delegacion_municipio, estado, codigo_postal, pais, rfc, telefono_particular, telefono_movil, email, observaciones, activo) VALUES (200,1,'Alejandra Alcazar Torres Navarrete','Alejandra Alcazar Torres Navarrete',' ','Desierto De Los Leones','5079','302','Tetelpan',' ','Distrito Federal',' ',' ','AATA750221AP0',' ',' ',' ',' ',true);
INSERT INTO cliente (id_cliente, id_tipo_cliente, nombre_moral, nombre_representante, puesto, calle, num_exterior, num_interior, colonia, delegacion_municipio, estado, codigo_postal, pais, rfc, telefono_particular, telefono_movil, email, observaciones, activo) VALUES (201,1,'Edgar Muñoz Gutierrez','Edgar Muñoz Gutierrez',' ','Vicente Guerrero','27','1','Loma Bonita',' ','Distrito Federal',' ',' ','MUGE740925FY8',' ',' ',' ',' ',true);
INSERT INTO cliente (id_cliente, id_tipo_cliente, nombre_moral, nombre_representante, puesto, calle, num_exterior, num_interior, colonia, delegacion_municipio, estado, codigo_postal, pais, rfc, telefono_particular, telefono_movil, email, observaciones, activo) VALUES (202,1,'Martha Rosa Flores Solis','Martha Rosa Flores Solis',' ','Antiguo Camino A San Juan De Aragón','247 D',' ','Pueblo San Juan De Aragón',' ','Distrito Federal',' ',' ','FOSM6507058V9',' ',' ',' ',' ',true);
INSERT INTO cliente (id_cliente, id_tipo_cliente, nombre_moral, nombre_representante, puesto, calle, num_exterior, num_interior, colonia, delegacion_municipio, estado, codigo_postal, pais, rfc, telefono_particular, telefono_movil, email, observaciones, activo) VALUES (203,1,'Dipalmex, S.A. De C.V.',' ',' ','Av.Insurgentes Norte','850',' ','Vallejo Poniente',' ','Distrito Federal',' ',' ','DIP061116G26',' ',' ',' ',' ',true);
INSERT INTO cliente (id_cliente, id_tipo_cliente, nombre_moral, nombre_representante, puesto, calle, num_exterior, num_interior, colonia, delegacion_municipio, estado, codigo_postal, pais, rfc, telefono_particular, telefono_movil, email, observaciones, activo) VALUES (204,1,'Integradora De Editores Mexicanos S.A. De C.V.',' ',' ','Av.Paseo De Las Palmas','239','204','Lomas De Chapultepec',' ','Distrito Federal',' ',' ','IEM000907HF9',' ',' ',' ',' ',true);
INSERT INTO cliente (id_cliente, id_tipo_cliente, nombre_moral, nombre_representante, puesto, calle, num_exterior, num_interior, colonia, delegacion_municipio, estado, codigo_postal, pais, rfc, telefono_particular, telefono_movil, email, observaciones, activo) VALUES (205,1,'Gustavo Adolfo Páez Reina','Gustavo Adolfo Páez Reina',' ','Blvd.Adolfo López Mateos','2545-D',' ','Lomas De San Angel Inn',' ','Distrito Federal',' ',' ','PARG7707045W4',' ',' ',' ',' ',true);
INSERT INTO cliente (id_cliente, id_tipo_cliente, nombre_moral, nombre_representante, puesto, calle, num_exterior, num_interior, colonia, delegacion_municipio, estado, codigo_postal, pais, rfc, telefono_particular, telefono_movil, email, observaciones, activo) VALUES (206,1,'Marquez Rosas Sandra Erika','Marquez Rosas Sandra Erika',' ','Toribio Medina','107','A','Algarín','Cuauhtémoc','Distrito Federal',' ',' ','MARS871115J99',' ',' ',' ',' ',true);
INSERT INTO cliente (id_cliente, id_tipo_cliente, nombre_moral, nombre_representante, puesto, calle, num_exterior, num_interior, colonia, delegacion_municipio, estado, codigo_postal, pais, rfc, telefono_particular, telefono_movil, email, observaciones, activo) VALUES (207,1,'José Luis Zúñiga Ramírez','José Luis Zúñiga Ramírez',' ','Wagner','321',' ','Vallejo',' ','Distrito Federal',' ',' ','ZURL660119G82',' ',' ',' ',' ',true);
INSERT INTO cliente (id_cliente, id_tipo_cliente, nombre_moral, nombre_representante, puesto, calle, num_exterior, num_interior, colonia, delegacion_municipio, estado, codigo_postal, pais, rfc, telefono_particular, telefono_movil, email, observaciones, activo) VALUES (208,1,'Tania Espinosa De La Garza','Tania Espinosa De La Garza',' ','Tokio','917-205',' ','Portales Sur','Benito Juárez','Distrito Federal',' ',' ','EIGT761027NB1',' ',' ',' ',' ',true);
INSERT INTO cliente (id_cliente, id_tipo_cliente, nombre_moral, nombre_representante, puesto, calle, num_exterior, num_interior, colonia, delegacion_municipio, estado, codigo_postal, pais, rfc, telefono_particular, telefono_movil, email, observaciones, activo) VALUES (209,1,'Impresora Eclipse S.A.De C.V.',' ',' ','España','451 C',' ','Granjas Estrella','Iztapalapa','Distrito Federal',' ',' ','IEC9707022IA',' ',' ',' ',' ',true);
INSERT INTO cliente (id_cliente, id_tipo_cliente, nombre_moral, nombre_representante, puesto, calle, num_exterior, num_interior, colonia, delegacion_municipio, estado, codigo_postal, pais, rfc, telefono_particular, telefono_movil, email, observaciones, activo) VALUES (210,1,'Frausto Hernandez Julio Cesar','Frausto Hernandez Julio Cesar',' ','Av.Paseos De Aguascalientes','703',' ','Paseos De Aguascalientes',' ','Distrito Federal',' ',' ','FAHJ910510QQ6',' ',' ',' ',' ',true);
INSERT INTO cliente (id_cliente, id_tipo_cliente, nombre_moral, nombre_representante, puesto, calle, num_exterior, num_interior, colonia, delegacion_municipio, estado, codigo_postal, pais, rfc, telefono_particular, telefono_movil, email, observaciones, activo) VALUES (211,1,'Anel Del Rosario Mata Garza','Anel Del Rosario Mata Garza',' ','Toribio Medina','122 Loc. D',' ','Algarín','Cuauhtémoc','Distrito Federal',' ',' ','MAGA7210074Y2',' ',' ',' ',' ',true);
INSERT INTO cliente (id_cliente, id_tipo_cliente, nombre_moral, nombre_representante, puesto, calle, num_exterior, num_interior, colonia, delegacion_municipio, estado, codigo_postal, pais, rfc, telefono_particular, telefono_movil, email, observaciones, activo) VALUES (212,1,'Partido Accion Nacional',' ',' ','Av. Coyoacan','1546',' ','Del Valle','Benito Juárez','Distrito Federal',' ',' ','PAN400301JR5',' ',' ',' ',' ',true);
INSERT INTO cliente (id_cliente, id_tipo_cliente, nombre_moral, nombre_representante, puesto, calle, num_exterior, num_interior, colonia, delegacion_municipio, estado, codigo_postal, pais, rfc, telefono_particular, telefono_movil, email, observaciones, activo) VALUES (213,1,'Swatter,S.C.',' ',' ','Miguel Ocaranza','152',' ','Merced Gomez',' ','Distrito Federal',' ',' ','SWA0810097Z4',' ',' ',' ',' ',true);
INSERT INTO cliente (id_cliente, id_tipo_cliente, nombre_moral, nombre_representante, puesto, calle, num_exterior, num_interior, colonia, delegacion_municipio, estado, codigo_postal, pais, rfc, telefono_particular, telefono_movil, email, observaciones, activo) VALUES (214,1,'Beatriz Lara García','Beatriz Lara García',' ','Calle 19','38',' ','Pro-Hogar',' ','Distrito Federal',' ',' ','LAGB660331UA4',' ',' ',' ',' ',true);
INSERT INTO cliente (id_cliente, id_tipo_cliente, nombre_moral, nombre_representante, puesto, calle, num_exterior, num_interior, colonia, delegacion_municipio, estado, codigo_postal, pais, rfc, telefono_particular, telefono_movil, email, observaciones, activo) VALUES (215,1,'Avza Digital S.A. De C.V.',' ',' ','Ignacio Allende','105',' ','Guadalupe Del Moral',' ','Distrito Federal',' ',' ','ADI040922KJ7',' ',' ',' ',' ',true);
INSERT INTO cliente (id_cliente, id_tipo_cliente, nombre_moral, nombre_representante, puesto, calle, num_exterior, num_interior, colonia, delegacion_municipio, estado, codigo_postal, pais, rfc, telefono_particular, telefono_movil, email, observaciones, activo) VALUES (216,1,'Clever Services S De R.L. De C.V.',' ',' ','Av. Prolongación Paseo De La Reforma','215 M1 P4',' ','Paseo De Las Lomas',' ','Distrito Federal',' ',' ','CSE071018NR0',' ',' ',' ',' ',true);
INSERT INTO cliente (id_cliente, id_tipo_cliente, nombre_moral, nombre_representante, puesto, calle, num_exterior, num_interior, colonia, delegacion_municipio, estado, codigo_postal, pais, rfc, telefono_particular, telefono_movil, email, observaciones, activo) VALUES (217,1,'Maria Isabel Valencia Chavarria','Maria Isabel Valencia Chavarria',' ','Calle De Pántla','3',' ','Barrio San Andres',' ','Distrito Federal',' ',' ','VACI560329CP7',' ',' ',' ',' ',true);
INSERT INTO cliente (id_cliente, id_tipo_cliente, nombre_moral, nombre_representante, puesto, calle, num_exterior, num_interior, colonia, delegacion_municipio, estado, codigo_postal, pais, rfc, telefono_particular, telefono_movil, email, observaciones, activo) VALUES (218,1,'Impretlax, S.A. De C.V.',' ',' ','Calle Tlahuicole','1-B',' ','Centro','Cuauhtémoc','Distrito Federal',' ',' ','IMP0702221T5',' ',' ',' ',' ',true);
INSERT INTO cliente (id_cliente, id_tipo_cliente, nombre_moral, nombre_representante, puesto, calle, num_exterior, num_interior, colonia, delegacion_municipio, estado, codigo_postal, pais, rfc, telefono_particular, telefono_movil, email, observaciones, activo) VALUES (219,1,'Grupo Amv Design, S.A. De C.V.',' ',' ','Av.16 De Septiembre','S/N',' ','5 De Febrero',' ','Distrito Federal',' ',' ','GAD1009131H4',' ',' ',' ',' ',true);
INSERT INTO cliente (id_cliente, id_tipo_cliente, nombre_moral, nombre_representante, puesto, calle, num_exterior, num_interior, colonia, delegacion_municipio, estado, codigo_postal, pais, rfc, telefono_particular, telefono_movil, email, observaciones, activo) VALUES (220,1,'Design Lv S.A. De C.V.',' ',' ','Río Jordán','209',' ','Del Valle','Benito Juárez','Distrito Federal',' ',' ','DLV110624D70',' ',' ',' ',' ',true);
INSERT INTO cliente (id_cliente, id_tipo_cliente, nombre_moral, nombre_representante, puesto, calle, num_exterior, num_interior, colonia, delegacion_municipio, estado, codigo_postal, pais, rfc, telefono_particular, telefono_movil, email, observaciones, activo) VALUES (221,1,'Márquez Avila Gabriel','Márquez Avila Gabriel',' ','Av.Viaducto Miguel Aleman','106-Bis',' ','Atenor Salas',' ','Distrito Federal',' ',' ','MAAG741028MU9',' ',' ',' ',' ',true);
INSERT INTO cliente (id_cliente, id_tipo_cliente, nombre_moral, nombre_representante, puesto, calle, num_exterior, num_interior, colonia, delegacion_municipio, estado, codigo_postal, pais, rfc, telefono_particular, telefono_movil, email, observaciones, activo) VALUES (222,1,'Carlos Alejandro Perea Ferron','Carlos Alejandro Perea Ferron',' ','Av.Tlahuac','205','7','Santa Isabel Industrial',' ','Distrito Federal',' ',' ','PEFC751104U58',' ',' ',' ',' ',true);
INSERT INTO cliente (id_cliente, id_tipo_cliente, nombre_moral, nombre_representante, puesto, calle, num_exterior, num_interior, colonia, delegacion_municipio, estado, codigo_postal, pais, rfc, telefono_particular, telefono_movil, email, observaciones, activo) VALUES (223,1,'Impresora Tinta Y Papel  S.A.De C.V.',' ',' ','Calle Gral.Francisco Murguia','104',' ','Insurgentes',' ','Distrito Federal',' ',' ','ITP141106883',' ',' ',' ',' ',true);
INSERT INTO cliente (id_cliente, id_tipo_cliente, nombre_moral, nombre_representante, puesto, calle, num_exterior, num_interior, colonia, delegacion_municipio, estado, codigo_postal, pais, rfc, telefono_particular, telefono_movil, email, observaciones, activo) VALUES (224,1,'José Aurelio Cisneros Hernández','José Aurelio Cisneros Hernández',' ','Av. San Miguel Xalpa','48',' ','Xalpa',' ','Distrito Federal',' ',' ','CIHA591229MB6',' ',' ',' ',' ',true);
INSERT INTO cliente (id_cliente, id_tipo_cliente, nombre_moral, nombre_representante, puesto, calle, num_exterior, num_interior, colonia, delegacion_municipio, estado, codigo_postal, pais, rfc, telefono_particular, telefono_movil, email, observaciones, activo) VALUES (225,1,'Iag En Color, S.A. De C.V.',' ',' ','Torroella','19',' ','Ampliación Daniel Garza',' ','Distrito Federal',' ',' ','ICO060926BKA',' ',' ',' ',' ',true);
INSERT INTO cliente (id_cliente, id_tipo_cliente, nombre_moral, nombre_representante, puesto, calle, num_exterior, num_interior, colonia, delegacion_municipio, estado, codigo_postal, pais, rfc, telefono_particular, telefono_movil, email, observaciones, activo) VALUES (226,1,'Isaías Jacob Ramírez Sánchez','Isaías Jacob Ramírez Sánchez',' ','Cond. 18 Mz. 28','10',' ','Fracc. Hacienda Coacalco',' ','Distrito Federal',' ',' ','RASI790618B24',' ',' ',' ',' ',true);
INSERT INTO cliente (id_cliente, id_tipo_cliente, nombre_moral, nombre_representante, puesto, calle, num_exterior, num_interior, colonia, delegacion_municipio, estado, codigo_postal, pais, rfc, telefono_particular, telefono_movil, email, observaciones, activo) VALUES (227,1,'Kommunika Soluciones Graficas, S.A. De C.V.','Alejandro Rosales',' ','José Algara Cervantes','12',' ','Paulino Navarro',' ','Distrito Federal',' ',' ','KSG040512BJ7',' ',' ',' ',' ',true);
INSERT INTO cliente (id_cliente, id_tipo_cliente, nombre_moral, nombre_representante, puesto, calle, num_exterior, num_interior, colonia, delegacion_municipio, estado, codigo_postal, pais, rfc, telefono_particular, telefono_movil, email, observaciones, activo) VALUES (228,1,'Litografica Mir, S.A. De C.V.',' ',' ','Leopoldo Lugones','2816',' ','Iztaccihuatl',' ','Distrito Federal',' ',' ','LMI050531BBA',' ',' ',' ',' ',true);
INSERT INTO cliente (id_cliente, id_tipo_cliente, nombre_moral, nombre_representante, puesto, calle, num_exterior, num_interior, colonia, delegacion_municipio, estado, codigo_postal, pais, rfc, telefono_particular, telefono_movil, email, observaciones, activo) VALUES (229,1,'Labra Alvarado Nayelli Marisol','Labra Alvarado Nayelli Marisol',' ','Juan Fernández Albarrán Mz 5 Lt 43','S/N','C-1','Villa De Las Manzanas',' ','Distrito Federal',' ',' ','LAAN830616AK4',' ',' ',' ',' ',true);
INSERT INTO cliente (id_cliente, id_tipo_cliente, nombre_moral, nombre_representante, puesto, calle, num_exterior, num_interior, colonia, delegacion_municipio, estado, codigo_postal, pais, rfc, telefono_particular, telefono_movil, email, observaciones, activo) VALUES (230,1,'Secretaría De Salud/Comisión Nacional De Bioética',' ',' ','Lieja','7',' ','Juárez','Cuauhtémoc','Distrito Federal',' ',' ','SSA630502CU1',' ',' ',' ',' ',true);
INSERT INTO cliente (id_cliente, id_tipo_cliente, nombre_moral, nombre_representante, puesto, calle, num_exterior, num_interior, colonia, delegacion_municipio, estado, codigo_postal, pais, rfc, telefono_particular, telefono_movil, email, observaciones, activo) VALUES (231,1,'Amalgama Arte Editorial, S.A.',' ',' ','  ','  ','  ','  ','  ','  ','  ','  ','  ','  ','  ','  ',' ',true);